id,item_id,store_id,category,risk,risk_score,velocity_percentile,forecast_7d,recent_daily_sales_28d,sales_trend_28,current_price,scenario_elasticity,elasticity_source,elasticity_weeks,recommended_discount_pct,expected_units_7d,expected_revenue_7d,risk_reason,discount_reason
HOBBIES_1_125_TX_3_evaluation,HOBBIES_1_125,TX_3,HOBBIES,HIGH,4,0.0588,0.877,0.036,-0.0667,11.73,-1.0,fallback,65,5,0.923,10.29,sales velocity is in the bottom 15% of category/store peers; recent sales trend is declining; near-term forecast is below its recent demand rate,smallest candidate meeting the scenario uplift and revenue guardrails
HOBBIES_1_052_CA_3_evaluation,HOBBIES_1_052,CA_3,HOBBIES,HIGH,4,0.0588,0.877,0.036,-0.0667,5.88,-1.0,fallback,215,5,0.923,5.16,sales velocity is in the bottom 15% of category/store peers; recent sales trend is declining; near-term forecast is below its recent demand rate,smallest candidate meeting the scenario uplift and revenue guardrails
FOODS_1_003_TX_3_evaluation,FOODS_1_003,TX_3,FOODS,HIGH,4,0.0588,0.877,0.036,-0.0667,3.23,-1.0,fallback,278,5,0.923,2.83,sales velocity is in the bottom 15% of category/store peers; recent sales trend is declining; near-term forecast is below its recent demand rate,smallest candidate meeting the scenario uplift and revenue guardrails
HOBBIES_2_014_WI_3_evaluation,HOBBIES_2_014,WI_3,HOBBIES,HIGH,4,0.0882,0.877,0.036,-0.0667,0.97,-1.0,fallback,152,5,0.923,0.85,sales velocity is in the bottom 15% of category/store peers; recent sales trend is declining; near-term forecast is below its recent demand rate,smallest candidate meeting the scenario uplift and revenue guardrails
HOUSEHOLD_1_335_WI_3_evaluation,HOUSEHOLD_1_335,WI_3,HOUSEHOLD,HIGH,4,0.0938,0.877,0.036,-0.0667,8.96,-1.689,historical_association,166,5,0.957,8.14,sales velocity is in the bottom 15% of category/store peers; recent sales trend is declining; near-term forecast is below its recent demand rate,smallest candidate meeting the scenario uplift and revenue guardrails
FOODS_1_211_CA_2_evaluation,FOODS_1_211,CA_2,FOODS,HIGH,4,0.1176,3.059,0.393,-0.3043,5.64,-3.0,historical_association,252,5,3.567,19.11,sales velocity is in the bottom 15% of category/store peers; recent sales trend is declining strongly,smallest candidate meeting the scenario uplift and revenue guardrails
HOBBIES_1_360_CA_3_evaluation,HOBBIES_1_360,CA_3,HOBBIES,HIGH,4,0.1176,0.877,0.071,-0.125,14.94,-2.913,historical_association,277,5,1.019,14.46,sales velocity is in the bottom 15% of category/store peers; recent sales trend is declining; near-term forecast is below its recent demand rate,smallest candidate meeting the scenario uplift and revenue guardrails
HOBBIES_1_315_TX_3_evaluation,HOBBIES_1_315,TX_3,HOBBIES,HIGH,4,0.1176,0.877,0.071,-0.125,4.97,-1.456,historical_association,272,5,0.945,4.46,sales velocity is in the bottom 15% of category/store peers; recent sales trend is declining; near-term forecast is below its recent demand rate,smallest candidate meeting the scenario uplift and revenue guardrails
HOBBIES_2_103_CA_2_evaluation,HOBBIES_2_103,CA_2,HOBBIES,HIGH,4,0.1176,0.877,0.036,-0.0667,2.5,-0.426,historical_association,278,0,0.877,2.19,sales velocity is in the bottom 15% of category/store peers; recent sales trend is declining; near-term forecast is below its recent demand rate,no markdown: no candidate met the 5% unit-uplift and 95% revenue guardrails
HOBBIES_1_070_TX_2_evaluation,HOBBIES_1_070,TX_2,HOBBIES,HIGH,4,0.1176,0.877,0.107,-0.0625,5.88,-1.0,fallback,212,5,0.923,5.16,sales velocity is in the bottom 15% of category/store peers; recent sales trend is declining; near-term forecast is below its recent demand rate,smallest candidate meeting the scenario uplift and revenue guardrails
HOUSEHOLD_2_106_CA_1_evaluation,HOUSEHOLD_2_106,CA_1,HOUSEHOLD,HIGH,4,0.125,0.877,0.107,-0.1765,8.44,-1.0,fallback,277,5,0.923,7.4,sales velocity is in the bottom 15% of category/store peers; recent sales trend is declining; near-term forecast is below its recent demand rate,smallest candidate meeting the scenario uplift and revenue guardrails
HOUSEHOLD_1_464_CA_4_evaluation,HOUSEHOLD_1_464,CA_4,HOUSEHOLD,HIGH,4,0.125,0.877,0.036,-0.0667,9.47,-1.0,fallback,278,5,0.923,8.31,sales velocity is in the bottom 15% of category/store peers; recent sales trend is declining; near-term forecast is below its recent demand rate,smallest candidate meeting the scenario uplift and revenue guardrails
HOUSEHOLD_1_504_TX_1_evaluation,HOUSEHOLD_1_504,TX_1,HOUSEHOLD,HIGH,4,0.125,0.877,0.036,-0.0667,3.38,-1.591,historical_association,220,5,0.952,3.06,sales velocity is in the bottom 15% of category/store peers; recent sales trend is declining; near-term forecast is below its recent demand rate,smallest candidate meeting the scenario uplift and revenue guardrails
HOUSEHOLD_2_138_CA_4_evaluation,HOUSEHOLD_2_138,CA_4,HOUSEHOLD,HIGH,4,0.125,0.877,0.036,-0.0667,5.97,-1.0,fallback,277,5,0.923,5.24,sales velocity is in the bottom 15% of category/store peers; recent sales trend is declining; near-term forecast is below its recent demand rate,smallest candidate meeting the scenario uplift and revenue guardrails
HOUSEHOLD_2_307_WI_1_evaluation,HOUSEHOLD_2_307,WI_1,HOUSEHOLD,HIGH,4,0.125,0.877,0.107,-0.0625,5.98,-1.0,fallback,123,5,0.923,5.25,sales velocity is in the bottom 15% of category/store peers; recent sales trend is declining; near-term forecast is below its recent demand rate,smallest candidate meeting the scenario uplift and revenue guardrails
FOODS_3_606_TX_2_evaluation,FOODS_3_606,TX_2,FOODS,HIGH,4,0.2647,1.38,0.357,-0.2727,2.88,-1.0,fallback,163,5,1.453,3.98,sales velocity is in the bottom 35% of category/store peers; recent sales trend is declining strongly; near-term forecast is below its recent demand rate,smallest candidate meeting the scenario uplift and revenue guardrails
FOODS_3_541_CA_1_evaluation,FOODS_3_541,CA_1,FOODS,MEDIUM,3,0.0588,0.877,0.0,0.0,1.0,-1.0,fallback,278,5,0.923,0.88,sales velocity is in the bottom 15% of category/store peers; near-term forecast is below its recent demand rate,smallest candidate meeting the scenario uplift and revenue guardrails
HOBBIES_1_102_TX_1_evaluation,HOBBIES_1_102,TX_1,HOBBIES,MEDIUM,3,0.0588,0.877,0.0,0.0,4.98,-1.0,fallback,205,5,0.923,4.37,sales velocity is in the bottom 15% of category/store peers; near-term forecast is below its recent demand rate,smallest candidate meeting the scenario uplift and revenue guardrails
HOBBIES_1_118_CA_2_evaluation,HOBBIES_1_118,CA_2,HOBBIES,MEDIUM,3,0.0588,0.877,0.0,0.0,11.12,-3.0,historical_association,278,5,1.023,10.81,sales velocity is in the bottom 15% of category/store peers; near-term forecast is below its recent demand rate,smallest candidate meeting the scenario uplift and revenue guardrails
HOBBIES_1_047_WI_2_evaluation,HOBBIES_1_047,WI_2,HOBBIES,MEDIUM,3,0.0588,0.877,0.0,0.0,1.77,-0.947,historical_association,278,10,0.969,1.54,sales velocity is in the bottom 15% of category/store peers; near-term forecast is below its recent demand rate,smallest candidate meeting the scenario uplift and revenue guardrails
HOBBIES_1_051_WI_1_evaluation,HOBBIES_1_051,WI_1,HOBBIES,MEDIUM,3,0.0588,0.877,0.0,0.0,5.98,-1.0,fallback,163,5,0.923,5.25,sales velocity is in the bottom 15% of category/store peers; near-term forecast is below its recent demand rate,smallest candidate meeting the scenario uplift and revenue guardrails
HOBBIES_1_054_TX_2_evaluation,HOBBIES_1_054,TX_2,HOBBIES,MEDIUM,3,0.0588,0.877,0.0,0.0,2.97,-1.0,fallback,187,5,0.923,2.61,sales velocity is in the bottom 15% of category/store peers; near-term forecast is below its recent demand rate,smallest candidate meeting the scenario uplift and revenue guardrails
FOODS_2_073_WI_2_evaluation,FOODS_2_073,WI_2,FOODS,MEDIUM,3,0.0588,0.877,0.0,0.0,5.98,-1.0,fallback,101,5,0.923,5.25,sales velocity is in the bottom 15% of category/store peers; near-term forecast is below its recent demand rate,smallest candidate meeting the scenario uplift and revenue guardrails
FOODS_1_079_CA_3_evaluation,FOODS_1_079,CA_3,FOODS,MEDIUM,3,0.0588,0.877,0.0,0.0,4.58,-0.428,historical_association,232,0,0.877,4.02,sales velocity is in the bottom 15% of category/store peers; near-term forecast is below its recent demand rate,no markdown: no candidate met the 5% unit-uplift and 95% revenue guardrails
FOODS_1_095_WI_3_evaluation,FOODS_1_095,WI_3,FOODS,MEDIUM,3,0.0588,0.877,0.0,0.0,4.79,-2.663,historical_association,278,5,1.006,4.58,sales velocity is in the bottom 15% of category/store peers; near-term forecast is below its recent demand rate,smallest candidate meeting the scenario uplift and revenue guardrails
HOBBIES_1_336_CA_1_evaluation,HOBBIES_1_336,CA_1,HOBBIES,MEDIUM,3,0.0588,0.877,0.0,0.0,1.88,-1.0,fallback,223,5,0.923,1.65,sales velocity is in the bottom 15% of category/store peers; near-term forecast is below its recent demand rate,smallest candidate meeting the scenario uplift and revenue guardrails
HOUSEHOLD_1_427_CA_2_evaluation,HOUSEHOLD_1_427,CA_2,HOUSEHOLD,MEDIUM,3,0.0625,0.877,0.0,0.0,4.96,-1.0,fallback,247,5,0.923,4.35,sales velocity is in the bottom 15% of category/store peers; near-term forecast is below its recent demand rate,smallest candidate meeting the scenario uplift and revenue guardrails
HOUSEHOLD_1_520_TX_3_evaluation,HOUSEHOLD_1_520,TX_3,HOUSEHOLD,MEDIUM,3,0.0625,0.877,0.0,0.0,5.48,-1.0,fallback,278,5,0.923,4.81,sales velocity is in the bottom 15% of category/store peers; near-term forecast is below its recent demand rate,smallest candidate meeting the scenario uplift and revenue guardrails
HOUSEHOLD_1_253_CA_3_evaluation,HOUSEHOLD_1_253,CA_3,HOUSEHOLD,MEDIUM,3,0.0625,0.877,0.0,0.0,3.47,-1.0,fallback,85,5,0.923,3.04,sales velocity is in the bottom 15% of category/store peers; near-term forecast is below its recent demand rate,smallest candidate meeting the scenario uplift and revenue guardrails
HOUSEHOLD_1_388_TX_1_evaluation,HOUSEHOLD_1_388,TX_1,HOUSEHOLD,MEDIUM,3,0.0625,0.877,0.0,0.0,3.47,-1.0,fallback,84,5,0.923,3.04,sales velocity is in the bottom 15% of category/store peers; near-term forecast is below its recent demand rate,smallest candidate meeting the scenario uplift and revenue guardrails
HOUSEHOLD_1_028_TX_2_evaluation,HOUSEHOLD_1_028,TX_2,HOUSEHOLD,MEDIUM,3,0.0625,0.877,0.0,0.0,2.97,-0.347,historical_association,271,0,0.877,2.61,sales velocity is in the bottom 15% of category/store peers; near-term forecast is below its recent demand rate,no markdown: no candidate met the 5% unit-uplift and 95% revenue guardrails
HOUSEHOLD_2_461_WI_3_evaluation,HOUSEHOLD_2_461,WI_3,HOUSEHOLD,MEDIUM,3,0.0938,0.877,0.036,0.0714,9.97,-1.0,fallback,278,5,0.923,8.75,sales velocity is in the bottom 15% of category/store peers; near-term forecast is below its recent demand rate,smallest candidate meeting the scenario uplift and revenue guardrails
FOODS_3_554_CA_1_evaluation,FOODS_3_554,CA_1,FOODS,MEDIUM,3,0.1176,2.087,0.286,-0.2,3.48,-3.0,historical_association,274,5,2.434,8.05,sales velocity is in the bottom 15% of category/store peers; recent sales trend is declining,smallest candidate meeting the scenario uplift and revenue guardrails
FOODS_2_161_WI_1_evaluation,FOODS_2_161,WI_1,FOODS,MEDIUM,3,0.1176,2.311,0.25,-0.1579,7.47,-1.0,fallback,188,5,2.432,17.26,sales velocity is in the bottom 15% of category/store peers; recent sales trend is declining,smallest candidate meeting the scenario uplift and revenue guardrails
FOODS_3_558_TX_2_evaluation,FOODS_3_558,TX_2,FOODS,MEDIUM,3,0.1176,2.087,0.25,-0.0556,2.98,-2.882,historical_association,278,5,2.42,6.85,sales velocity is in the bottom 15% of category/store peers; recent sales trend is declining,smallest candidate meeting the scenario uplift and revenue guardrails
FOODS_2_252_CA_3_evaluation,FOODS_2_252,CA_3,FOODS,MEDIUM,3,0.1176,1.38,0.357,0.0,3.78,-1.0,fallback,77,5,1.453,5.22,sales velocity is in the bottom 15% of category/store peers; near-term forecast is below its recent demand rate,smallest candidate meeting the scenario uplift and revenue guardrails
HOUSEHOLD_2_134_CA_3_evaluation,HOUSEHOLD_2_134,CA_3,HOUSEHOLD,MEDIUM,3,0.125,1.752,0.179,-0.0588,5.94,-1.0,fallback,276,5,1.844,10.41,sales velocity is in the bottom 15% of category/store peers; recent sales trend is declining,smallest candidate meeting the scenario uplift and revenue guardrails
HOUSEHOLD_1_150_CA_2_evaluation,HOUSEHOLD_1_150,CA_2,HOUSEHOLD,MEDIUM,3,0.1562,0.877,0.107,-0.1765,12.48,-1.0,fallback,222,5,0.923,10.95,sales velocity is in the bottom 35% of category/store peers; recent sales trend is declining; near-term forecast is below its recent demand rate,smallest candidate meeting the scenario uplift and revenue guardrails
HOUSEHOLD_2_504_CA_2_evaluation,HOUSEHOLD_2_504,CA_2,HOUSEHOLD,MEDIUM,3,0.1562,0.877,0.107,-0.0625,1.97,-1.0,fallback,242,5,0.923,1.73,sales velocity is in the bottom 35% of category/store peers; recent sales trend is declining; near-term forecast is below its recent demand rate,smallest candidate meeting the scenario uplift and revenue guardrails
FOODS_3_264_WI_2_evaluation,FOODS_3_264,WI_2,FOODS,MEDIUM,3,0.1765,3.257,0.464,-0.2917,3.98,-1.0,fallback,212,5,3.429,12.96,sales velocity is in the bottom 35% of category/store peers; recent sales trend is declining strongly,smallest candidate meeting the scenario uplift and revenue guardrails
HOBBIES_2_050_TX_2_evaluation,HOBBIES_2_050,TX_2,HOBBIES,MEDIUM,3,0.1765,1.042,0.143,-0.2222,1.97,-1.0,fallback,276,5,1.097,2.05,sales velocity is in the bottom 35% of category/store peers; recent sales trend is declining strongly,smallest candidate meeting the scenario uplift and revenue guardrails
HOBBIES_2_079_CA_2_evaluation,HOBBIES_2_079,CA_2,HOBBIES,MEDIUM,3,0.1765,1.752,0.214,-0.2105,2.47,-1.0,fallback,257,5,1.844,4.33,sales velocity is in the bottom 35% of category/store peers; recent sales trend is declining strongly,smallest candidate meeting the scenario uplift and revenue guardrails
FOODS_3_298_TX_3_evaluation,FOODS_3_298,TX_3,FOODS,MEDIUM,3,0.1765,1.042,0.214,-0.1111,18.73,-3.0,historical_association,278,5,1.215,21.62,sales velocity is in the bottom 35% of category/store peers; recent sales trend is declining; near-term forecast is below its recent demand rate,smallest candidate meeting the scenario uplift and revenue guardrails
FOODS_1_164_CA_2_evaluation,FOODS_1_164,CA_2,FOODS,MEDIUM,3,0.1765,1.79,0.429,-0.0952,5.64,-0.658,historical_association,209,10,1.918,9.74,sales velocity is in the bottom 35% of category/store peers; recent sales trend is declining; near-term forecast is below its recent demand rate,smallest candidate meeting the scenario uplift and revenue guardrails
HOBBIES_1_155_WI_1_evaluation,HOBBIES_1_155,WI_1,HOBBIES,MEDIUM,3,0.1765,0.877,0.107,-0.0625,18.98,-1.0,fallback,152,5,0.923,16.65,sales velocity is in the bottom 35% of category/store peers; recent sales trend is declining; near-term forecast is below its recent demand rate,smallest candidate meeting the scenario uplift and revenue guardrails
HOBBIES_1_410_WI_3_evaluation,HOBBIES_1_410,WI_3,HOBBIES,MEDIUM,3,0.2059,0.877,0.071,-0.125,28.96,-1.0,fallback,150,5,0.923,25.4,sales velocity is in the bottom 35% of category/store peers; recent sales trend is declining; near-term forecast is below its recent demand rate,smallest candidate meeting the scenario uplift and revenue guardrails
HOBBIES_2_146_WI_3_evaluation,HOBBIES_2_146,WI_3,HOBBIES,MEDIUM,3,0.2059,0.877,0.071,-0.125,1.97,-1.0,fallback,278,5,0.923,1.73,sales velocity is in the bottom 35% of category/store peers; recent sales trend is declining; near-term forecast is below its recent demand rate,smallest candidate meeting the scenario uplift and revenue guardrails
HOBBIES_1_107_CA_4_evaluation,HOBBIES_1_107,CA_4,HOBBIES,MEDIUM,3,0.2059,0.877,0.107,-0.0625,3.97,-1.0,fallback,171,5,0.923,3.48,sales velocity is in the bottom 35% of category/store peers; recent sales trend is declining; near-term forecast is below its recent demand rate,smallest candidate meeting the scenario uplift and revenue guardrails
FOODS_1_016_CA_1_evaluation,FOODS_1_016,CA_1,FOODS,MEDIUM,3,0.2353,5.209,0.714,-0.2857,2.26,-3.0,historical_association,278,5,6.076,13.04,sales velocity is in the bottom 35% of category/store peers; recent sales trend is declining strongly,smallest candidate meeting the scenario uplift and revenue guardrails
FOODS_1_160_CA_4_evaluation,FOODS_1_160,CA_4,FOODS,MEDIUM,3,0.2353,1.79,0.429,-0.1818,2.24,-1.0,fallback,74,5,1.884,4.01,sales velocity is in the bottom 35% of category/store peers; recent sales trend is declining; near-term forecast is below its recent demand rate,smallest candidate meeting the scenario uplift and revenue guardrails
FOODS_3_033_CA_2_evaluation,FOODS_3_033,CA_2,FOODS,MEDIUM,3,0.2353,2.349,0.5,-0.1739,2.5,-1.0,fallback,122,5,2.472,5.87,sales velocity is in the bottom 35% of category/store peers; recent sales trend is declining; near-term forecast is below its recent demand rate,smallest candidate meeting the scenario uplift and revenue guardrails
FOODS_2_015_TX_2_evaluation,FOODS_2_015,TX_2,FOODS,MEDIUM,3,0.2647,2.396,0.357,-0.2727,2.36,-1.0,fallback,110,5,2.522,5.65,sales velocity is in the bottom 35% of category/store peers; recent sales trend is declining strongly,smallest candidate meeting the scenario uplift and revenue guardrails
FOODS_3_013_TX_1_evaluation,FOODS_3_013,TX_1,FOODS,MEDIUM,3,0.2647,2.255,0.214,-0.2105,2.58,-1.0,fallback,278,5,2.374,5.82,sales velocity is in the bottom 35% of category/store peers; recent sales trend is declining strongly,smallest candidate meeting the scenario uplift and revenue guardrails
HOUSEHOLD_2_106_TX_1_evaluation,HOUSEHOLD_2_106,TX_1,HOUSEHOLD,MEDIUM,3,0.2812,0.877,0.143,-0.1176,8.44,-1.0,fallback,272,5,0.923,7.4,sales velocity is in the bottom 35% of category/store peers; recent sales trend is declining; near-term forecast is below its recent demand rate,smallest candidate meeting the scenario uplift and revenue guardrails
FOODS_1_136_CA_2_evaluation,FOODS_1_136,CA_2,FOODS,MEDIUM,3,0.2941,4.047,0.607,-0.3333,4.86,-3.0,historical_association,278,5,4.72,21.79,sales velocity is in the bottom 35% of category/store peers; recent sales trend is declining strongly,smallest candidate meeting the scenario uplift and revenue guardrails
FOODS_3_314_WI_2_evaluation,FOODS_3_314,WI_2,FOODS,MEDIUM,3,0.2941,3.652,0.607,-0.2692,2.48,-3.0,historical_association,278,5,4.26,10.04,sales velocity is in the bottom 35% of category/store peers; recent sales trend is declining strongly,smallest candidate meeting the scenario uplift and revenue guardrails
HOBBIES_1_424_WI_2_evaluation,HOBBIES_1_424,WI_2,HOBBIES,MEDIUM,3,0.2941,0.877,0.143,-0.1176,1.77,-1.083,historical_association,278,5,0.927,1.56,sales velocity is in the bottom 35% of category/store peers; recent sales trend is declining; near-term forecast is below its recent demand rate,smallest candidate meeting the scenario uplift and revenue guardrails
FOODS_3_581_CA_4_evaluation,FOODS_3_581,CA_4,FOODS,MEDIUM,3,0.2941,2.349,0.5,-0.0909,3.48,-0.812,historical_association,278,10,2.558,8.01,sales velocity is in the bottom 35% of category/store peers; recent sales trend is declining; near-term forecast is below its recent demand rate,smallest candidate meeting the scenario uplift and revenue guardrails
HOUSEHOLD_2_457_WI_1_evaluation,HOUSEHOLD_2_457,WI_1,HOUSEHOLD,MEDIUM,3,0.3125,1.213,0.286,-0.2,6.47,-1.0,fallback,278,5,1.276,7.85,sales velocity is in the bottom 35% of category/store peers; recent sales trend is declining; near-term forecast is below its recent demand rate,smallest candidate meeting the scenario uplift and revenue guardrails
FOODS_1_195_TX_3_evaluation,FOODS_1_195,TX_3,FOODS,MEDIUM,3,0.3235,3.855,0.571,-0.3077,2.24,-1.0,fallback,278,5,4.058,8.63,sales velocity is in the bottom 35% of category/store peers; recent sales trend is declining strongly,smallest candidate meeting the scenario uplift and revenue guardrails
FOODS_2_227_TX_3_evaluation,FOODS_2_227,TX_3,FOODS,MEDIUM,3,0.3235,3.223,0.571,-0.24,4.48,-1.0,fallback,165,5,3.393,14.44,sales velocity is in the bottom 35% of category/store peers; recent sales trend is declining strongly,smallest candidate meeting the scenario uplift and revenue guardrails
FOODS_1_178_TX_1_evaluation,FOODS_1_178,TX_1,FOODS,MEDIUM,2,0.0588,1.752,0.036,0.0714,9.98,-2.549,historical_association,278,5,1.996,18.93,sales velocity is in the bottom 15% of category/store peers,smallest candidate meeting the scenario uplift and revenue guardrails
FOODS_2_158_CA_2_evaluation,FOODS_2_158,CA_2,FOODS,MEDIUM,2,0.0588,1.752,0.036,0.0714,1.28,-1.0,fallback,52,5,1.844,2.24,sales velocity is in the bottom 15% of category/store peers,smallest candidate meeting the scenario uplift and revenue guardrails
FOODS_1_033_TX_2_evaluation,FOODS_1_033,TX_2,FOODS,MEDIUM,2,0.0588,1.752,0.036,0.0714,6.27,-1.985,historical_association,201,5,1.939,11.55,sales velocity is in the bottom 15% of category/store peers,smallest candidate meeting the scenario uplift and revenue guardrails
FOODS_1_033_WI_1_evaluation,FOODS_1_033,WI_1,FOODS,MEDIUM,2,0.0588,1.752,0.036,0.0714,7.27,-1.0,fallback,206,5,1.844,12.73,sales velocity is in the bottom 15% of category/store peers,smallest candidate meeting the scenario uplift and revenue guardrails
FOODS_2_313_CA_4_evaluation,FOODS_2_313,CA_4,FOODS,MEDIUM,2,0.0588,1.752,0.036,0.0714,9.88,-1.0,fallback,248,5,1.844,17.31,sales velocity is in the bottom 15% of category/store peers,smallest candidate meeting the scenario uplift and revenue guardrails
HOUSEHOLD_1_436_WI_2_evaluation,HOUSEHOLD_1_436,WI_2,HOUSEHOLD,MEDIUM,2,0.0625,1.752,0.036,0.0714,9.97,-3.0,historical_association,278,5,2.043,19.35,sales velocity is in the bottom 15% of category/store peers,smallest candidate meeting the scenario uplift and revenue guardrails
HOUSEHOLD_1_388_CA_1_evaluation,HOUSEHOLD_1_388,CA_1,HOUSEHOLD,MEDIUM,2,0.0625,1.752,0.036,0.0714,3.47,-1.0,fallback,85,5,1.844,6.08,sales velocity is in the bottom 15% of category/store peers,smallest candidate meeting the scenario uplift and revenue guardrails
HOUSEHOLD_1_099_WI_1_evaluation,HOUSEHOLD_1_099,WI_1,HOUSEHOLD,MEDIUM,2,0.0625,1.752,0.036,0.0714,2.37,-1.0,fallback,276,5,1.844,4.15,sales velocity is in the bottom 15% of category/store peers,smallest candidate meeting the scenario uplift and revenue guardrails
HOBBIES_1_011_CA_4_evaluation,HOBBIES_1_011,CA_4,HOBBIES,MEDIUM,2,0.0882,1.752,0.036,0.0714,3.48,-1.0,fallback,213,5,1.844,6.1,sales velocity is in the bottom 15% of category/store peers,smallest candidate meeting the scenario uplift and revenue guardrails
HOBBIES_1_174_WI_3_evaluation,HOBBIES_1_174,WI_3,HOBBIES,MEDIUM,2,0.0882,1.752,0.036,0.0714,4.88,-1.0,fallback,214,5,1.844,8.55,sales velocity is in the bottom 15% of category/store peers,smallest candidate meeting the scenario uplift and revenue guardrails
HOBBIES_2_129_CA_4_evaluation,HOBBIES_2_129,CA_4,HOBBIES,MEDIUM,2,0.0882,1.752,0.036,0.0714,0.23,-1.0,fallback,216,5,1.844,0.4,sales velocity is in the bottom 15% of category/store peers,smallest candidate meeting the scenario uplift and revenue guardrails
HOBBIES_1_070_WI_1_evaluation,HOBBIES_1_070,WI_1,HOBBIES,MEDIUM,2,0.1176,1.752,0.071,0.0,5.88,-1.0,fallback,210,5,1.844,10.3,sales velocity is in the bottom 15% of category/store peers,smallest candidate meeting the scenario uplift and revenue guardrails
FOODS_1_179_CA_4_evaluation,FOODS_1_179,CA_4,FOODS,MEDIUM,2,0.1176,2.482,0.286,0.0,3.58,-1.0,fallback,63,5,2.612,8.88,sales velocity is in the bottom 15% of category/store peers,smallest candidate meeting the scenario uplift and revenue guardrails
FOODS_3_268_WI_2_evaluation,FOODS_3_268,WI_2,FOODS,MEDIUM,2,0.1176,2.311,0.214,0.0,2.28,-1.0,fallback,213,5,2.432,5.27,sales velocity is in the bottom 15% of category/store peers,smallest candidate meeting the scenario uplift and revenue guardrails
HOBBIES_1_027_TX_1_evaluation,HOBBIES_1_027,TX_1,HOBBIES,MEDIUM,2,0.1176,1.752,0.036,0.0714,19.98,-1.0,fallback,119,5,1.844,35.0,sales velocity is in the bottom 15% of category/store peers,smallest candidate meeting the scenario uplift and revenue guardrails
HOBBIES_1_305_WI_2_evaluation,HOBBIES_1_305,WI_2,HOBBIES,MEDIUM,2,0.1176,1.752,0.036,0.0714,2.87,-1.0,fallback,278,5,1.844,5.03,sales velocity is in the bottom 15% of category/store peers,smallest candidate meeting the scenario uplift and revenue guardrails
FOODS_2_213_WI_3_evaluation,FOODS_2_213,WI_3,FOODS,MEDIUM,2,0.1176,3.323,0.214,0.125,3.78,-3.0,historical_association,170,5,3.875,13.92,sales velocity is in the bottom 15% of category/store peers,smallest candidate meeting the scenario uplift and revenue guardrails
HOBBIES_2_084_CA_1_evaluation,HOBBIES_2_084,CA_1,HOBBIES,MEDIUM,2,0.1176,1.38,0.143,0.1333,5.97,-1.0,fallback,131,5,1.453,8.24,sales velocity is in the bottom 15% of category/store peers,smallest candidate meeting the scenario uplift and revenue guardrails
FOODS_3_017_TX_3_evaluation,FOODS_3_017,TX_3,FOODS,MEDIUM,2,0.1176,1.752,0.179,0.2,1.98,-1.0,fallback,278,5,1.844,3.47,sales velocity is in the bottom 15% of category/store peers,smallest candidate meeting the scenario uplift and revenue guardrails
HOUSEHOLD_1_209_CA_4_evaluation,HOUSEHOLD_1_209,CA_4,HOUSEHOLD,MEDIUM,2,0.125,1.752,0.036,0.0714,3.47,-1.0,fallback,85,5,1.844,6.08,sales velocity is in the bottom 15% of category/store peers,smallest candidate meeting the scenario uplift and revenue guardrails
HOUSEHOLD_2_033_WI_2_evaluation,HOUSEHOLD_2_033,WI_2,HOUSEHOLD,MEDIUM,2,0.125,1.752,0.071,0.1429,6.97,-1.0,fallback,278,5,1.844,12.21,sales velocity is in the bottom 15% of category/store peers,smallest candidate meeting the scenario uplift and revenue guardrails
FOODS_3_696_TX_1_evaluation,FOODS_3_696,TX_1,FOODS,MEDIUM,2,0.1471,1.752,0.071,0.0,4.54,-1.0,fallback,95,5,1.844,7.95,sales velocity is in the bottom 15% of category/store peers,smallest candidate meeting the scenario uplift and revenue guardrails
FOODS_1_090_TX_1_evaluation,FOODS_1_090,TX_1,FOODS,MEDIUM,2,0.1471,1.752,0.071,0.0,3.54,-1.0,fallback,278,5,1.844,6.2,sales velocity is in the bottom 15% of category/store peers,smallest candidate meeting the scenario uplift and revenue guardrails
HOUSEHOLD_1_152_TX_2_evaluation,HOUSEHOLD_1_152,TX_2,HOUSEHOLD,MEDIUM,2,0.1562,0.877,0.071,0.1429,9.98,-1.0,fallback,164,5,0.923,8.75,sales velocity is in the bottom 35% of category/store peers; near-term forecast is below its recent demand rate,smallest candidate meeting the scenario uplift and revenue guardrails
HOBBIES_1_325_WI_2_evaluation,HOBBIES_1_325,WI_2,HOBBIES,MEDIUM,2,0.1765,0.877,0.071,0.0,6.44,-1.0,fallback,172,5,0.923,5.65,sales velocity is in the bottom 35% of category/store peers; near-term forecast is below its recent demand rate,smallest candidate meeting the scenario uplift and revenue guardrails
HOUSEHOLD_2_189_WI_1_evaluation,HOUSEHOLD_2_189,WI_1,HOUSEHOLD,MEDIUM,2,0.1875,1.916,0.214,-0.1111,14.48,-1.0,fallback,225,5,2.017,27.75,sales velocity is in the bottom 35% of category/store peers; recent sales trend is declining,smallest candidate meeting the scenario uplift and revenue guardrails
HOUSEHOLD_1_314_CA_1_evaluation,HOUSEHOLD_1_314,CA_1,HOUSEHOLD,MEDIUM,2,0.1875,1.042,0.179,-0.0588,7.98,-1.0,fallback,95,5,1.097,8.31,sales velocity is in the bottom 35% of category/store peers; recent sales trend is declining,smallest candidate meeting the scenario uplift and revenue guardrails
HOUSEHOLD_2_243_CA_3_evaluation,HOUSEHOLD_2_243,CA_3,HOUSEHOLD,MEDIUM,2,0.1875,1.042,0.214,0.0,2.97,-1.0,fallback,277,5,1.097,3.09,sales velocity is in the bottom 35% of category/store peers; near-term forecast is below its recent demand rate,smallest candidate meeting the scenario uplift and revenue guardrails
HOBBIES_1_307_CA_3_evaluation,HOBBIES_1_307,CA_3,HOBBIES,MEDIUM,2,0.2059,0.877,0.143,0.0,3.97,-1.0,fallback,226,5,0.923,3.48,sales velocity is in the bottom 35% of category/store peers; near-term forecast is below its recent demand rate,smallest candidate meeting the scenario uplift and revenue guardrails
HOBBIES_1_357_TX_1_evaluation,HOBBIES_1_357,TX_1,HOBBIES,MEDIUM,2,0.2059,0.877,0.071,0.1429,12.98,-2.312,historical_association,278,5,0.988,12.18,sales velocity is in the bottom 35% of category/store peers; near-term forecast is below its recent demand rate,smallest candidate meeting the scenario uplift and revenue guardrails
HOUSEHOLD_2_114_WI_2_evaluation,HOUSEHOLD_2_114,WI_2,HOUSEHOLD,MEDIUM,2,0.2188,1.752,0.179,-0.0588,5.94,-1.0,fallback,124,5,1.844,10.41,sales velocity is in the bottom 35% of category/store peers; recent sales trend is declining,smallest candidate meeting the scenario uplift and revenue guardrails
FOODS_3_564_CA_3_evaluation,FOODS_3_564,CA_3,FOODS,MEDIUM,2,0.2353,4.291,0.571,-0.1667,1.74,-1.0,fallback,278,5,4.517,7.47,sales velocity is in the bottom 35% of category/store peers; recent sales trend is declining,smallest candidate meeting the scenario uplift and revenue guardrails
FOODS_3_486_WI_1_evaluation,FOODS_3_486,WI_1,FOODS,MEDIUM,2,0.2353,4.72,0.643,-0.16,2.88,-1.297,historical_association,278,5,5.045,13.8,sales velocity is in the bottom 35% of category/store peers; recent sales trend is declining,smallest candidate meeting the scenario uplift and revenue guardrails
HOBBIES_1_045_WI_1_evaluation,HOBBIES_1_045,WI_1,HOBBIES,MEDIUM,2,0.2353,1.042,0.143,-0.1176,10.58,-1.0,fallback,94,5,1.097,11.02,sales velocity is in the bottom 35% of category/store peers; recent sales trend is declining,smallest candidate meeting the scenario uplift and revenue guardrails
HOBBIES_1_366_TX_3_evaluation,HOBBIES_1_366,TX_3,HOBBIES,MEDIUM,2,0.2353,1.916,0.214,-0.1111,3.97,-1.0,fallback,172,5,2.017,7.61,sales velocity is in the bottom 35% of category/store peers; recent sales trend is declining,smallest candidate meeting the scenario uplift and revenue guardrails
FOODS_2_332_TX_3_evaluation,FOODS_2_332,TX_3,FOODS,MEDIUM,2,0.2353,2.649,0.286,-0.1053,3.14,-1.0,fallback,278,5,2.789,8.32,sales velocity is in the bottom 35% of category/store peers; recent sales trend is declining,smallest candidate meeting the scenario uplift and revenue guardrails
HOUSEHOLD_2_132_CA_3_evaluation,HOUSEHOLD_2_132,CA_3,HOUSEHOLD,MEDIUM,2,0.25,2.79,0.357,-0.1905,1.97,-1.0,fallback,125,5,2.937,5.5,sales velocity is in the bottom 35% of category/store peers; recent sales trend is declining,smallest candidate meeting the scenario uplift and revenue guardrails
FOODS_2_096_TX_1_evaluation,FOODS_2_096,TX_1,FOODS,MEDIUM,2,0.2647,1.042,0.214,0.0,7.98,-1.0,fallback,134,5,1.097,8.31,sales velocity is in the bottom 35% of category/store peers; near-term forecast is below its recent demand rate,smallest candidate meeting the scenario uplift and revenue guardrails
HOBBIES_1_174_TX_2_evaluation,HOBBIES_1_174,TX_2,HOBBIES,MEDIUM,2,0.2941,2.396,0.25,-0.1579,4.88,-1.0,fallback,214,5,2.522,11.69,sales velocity is in the bottom 35% of category/store peers; recent sales trend is declining,smallest candidate meeting the scenario uplift and revenue guardrails
HOBBIES_2_116_TX_2_evaluation,HOBBIES_2_116,TX_2,HOBBIES,MEDIUM,2,0.2941,2.255,0.25,-0.1579,2.97,-1.0,fallback,278,5,2.374,6.7,sales velocity is in the bottom 35% of category/store peers; recent sales trend is declining,smallest candidate meeting the scenario uplift and revenue guardrails
HOBBIES_1_012_WI_1_evaluation,HOBBIES_1_012,WI_1,HOBBIES,MEDIUM,2,0.2941,1.752,0.179,-0.0588,6.52,-3.0,historical_association,278,5,2.043,12.65,sales velocity is in the bottom 35% of category/store peers; recent sales trend is declining,smallest candidate meeting the scenario uplift and revenue guardrails
HOBBIES_1_051_TX_2_evaluation,HOBBIES_1_051,TX_2,HOBBIES,MEDIUM,2,0.2941,2.311,0.25,-0.0556,5.98,-1.0,fallback,159,5,2.432,13.82,sales velocity is in the bottom 35% of category/store peers; recent sales trend is declining,smallest candidate meeting the scenario uplift and revenue guardrails
HOBBIES_1_070_WI_2_evaluation,HOBBIES_1_070,WI_2,HOBBIES,MEDIUM,2,0.2941,0.877,0.143,0.0,5.88,-1.0,fallback,208,5,0.923,5.16,sales velocity is in the bottom 35% of category/store peers; near-term forecast is below its recent demand rate,smallest candidate meeting the scenario uplift and revenue guardrails
HOUSEHOLD_2_462_CA_4_evaluation,HOUSEHOLD_2_462,CA_4,HOUSEHOLD,MEDIUM,2,0.3125,1.752,0.214,-0.1111,7.97,-1.0,fallback,278,5,1.844,13.96,sales velocity is in the bottom 35% of category/store peers; recent sales trend is declining,smallest candidate meeting the scenario uplift and revenue guardrails
HOUSEHOLD_2_404_CA_4_evaluation,HOUSEHOLD_2_404,CA_4,HOUSEHOLD,MEDIUM,2,0.3125,1.916,0.214,-0.1111,2.97,-1.0,fallback,102,5,2.017,5.69,sales velocity is in the bottom 35% of category/store peers; recent sales trend is declining,smallest candidate meeting the scenario uplift and revenue guardrails
HOUSEHOLD_2_402_WI_1_evaluation,HOUSEHOLD_2_402,WI_1,HOUSEHOLD,MEDIUM,2,0.3125,1.521,0.286,-0.1053,8.97,-1.0,fallback,108,5,1.601,13.65,sales velocity is in the bottom 35% of category/store peers; recent sales trend is declining,smallest candidate meeting the scenario uplift and revenue guardrails
HOBBIES_1_363_CA_4_evaluation,HOBBIES_1_363,CA_4,HOBBIES,MEDIUM,2,0.3235,0.877,0.143,0.0,2.88,-3.0,historical_association,278,5,1.023,2.8,sales velocity is in the bottom 35% of category/store peers; near-term forecast is below its recent demand rate,smallest candidate meeting the scenario uplift and revenue guardrails
HOUSEHOLD_2_040_TX_3_evaluation,HOUSEHOLD_2_040,TX_3,HOUSEHOLD,MEDIUM,2,0.3438,1.916,0.25,-0.1579,3.97,-1.0,fallback,112,5,2.017,7.61,sales velocity is in the bottom 35% of category/store peers; recent sales trend is declining,smallest candidate meeting the scenario uplift and revenue guardrails
HOUSEHOLD_1_054_TX_2_evaluation,HOUSEHOLD_1_054,TX_2,HOUSEHOLD,MEDIUM,2,0.3438,2.311,0.25,-0.0556,3.92,-1.0,fallback,81,5,2.432,9.06,sales velocity is in the bottom 35% of category/store peers; recent sales trend is declining,smallest candidate meeting the scenario uplift and revenue guardrails
HOUSEHOLD_2_174_TX_2_evaluation,HOUSEHOLD_2_174,TX_2,HOUSEHOLD,LOW,1,0.1562,1.752,0.071,0.0,3.97,-1.0,fallback,276,0,1.752,6.95,sales velocity is in the bottom 35% of category/store peers,no markdown: slow-selling risk is low
HOUSEHOLD_2_018_TX_3_evaluation,HOUSEHOLD_2_018,TX_3,HOUSEHOLD,LOW,1,0.1562,1.752,0.107,0.0667,7.94,-1.0,fallback,276,0,1.752,13.91,sales velocity is in the bottom 35% of category/store peers,no markdown: slow-selling risk is low
HOUSEHOLD_2_104_TX_3_evaluation,HOUSEHOLD_2_104,TX_3,HOUSEHOLD,LOW,1,0.1562,1.752,0.107,0.0667,4.97,-1.0,fallback,278,0,1.752,8.71,sales velocity is in the bottom 35% of category/store peers,no markdown: slow-selling risk is low
FOODS_2_179_CA_4_evaluation,FOODS_2_179,CA_4,FOODS,LOW,1,0.1765,3.989,0.393,-0.05,4.97,-0.327,historical_association,162,0,3.989,19.83,sales velocity is in the bottom 35% of category/store peers,no markdown: slow-selling risk is low
FOODS_1_150_WI_1_evaluation,FOODS_1_150,WI_1,FOODS,LOW,1,0.1765,5.301,0.607,-0.0435,5.28,-3.0,historical_association,278,0,5.301,27.99,sales velocity is in the bottom 35% of category/store peers,no markdown: slow-selling risk is low
FOODS_2_103_CA_3_evaluation,FOODS_2_103,CA_3,FOODS,LOW,1,0.1765,2.523,0.393,0.1667,6.98,-3.0,historical_association,278,0,2.523,17.61,sales velocity is in the bottom 35% of category/store peers,no markdown: slow-selling risk is low
FOODS_3_293_CA_1_evaluation,FOODS_3_293,CA_1,FOODS,LOW,1,0.1765,4.291,0.5,0.2105,1.98,-1.0,fallback,277,0,4.291,8.5,sales velocity is in the bottom 35% of category/store peers,no markdown: slow-selling risk is low
FOODS_2_246_TX_2_evaluation,FOODS_2_246,TX_2,FOODS,LOW,1,0.1765,2.087,0.286,0.25,2.18,-1.033,historical_association,114,0,2.087,4.55,sales velocity is in the bottom 35% of category/store peers,no markdown: slow-selling risk is low
HOUSEHOLD_1_470_TX_1_evaluation,HOUSEHOLD_1_470,TX_1,HOUSEHOLD,LOW,1,0.1875,1.752,0.071,0.0,2.98,-1.0,fallback,276,0,1.752,5.22,sales velocity is in the bottom 35% of category/store peers,no markdown: slow-selling risk is low
HOUSEHOLD_2_307_WI_3_evaluation,HOUSEHOLD_2_307,WI_3,HOUSEHOLD,LOW,1,0.1875,1.752,0.071,0.0,5.98,-1.0,fallback,123,0,1.752,10.48,sales velocity is in the bottom 35% of category/store peers,no markdown: slow-selling risk is low
FOODS_2_392_WI_3_evaluation,FOODS_2_392,WI_3,FOODS,LOW,1,0.2059,1.916,0.286,0.0,4.98,-1.0,fallback,278,0,1.916,9.54,sales velocity is in the bottom 35% of category/store peers,no markdown: slow-selling risk is low
HOBBIES_1_365_CA_4_evaluation,HOBBIES_1_365,CA_4,HOBBIES,LOW,1,0.2059,2.146,0.107,0.0667,3.97,-1.0,fallback,277,0,2.146,8.52,sales velocity is in the bottom 35% of category/store peers,no markdown: slow-selling risk is low
HOBBIES_2_127_CA_1_evaluation,HOBBIES_2_127,CA_1,HOBBIES,LOW,1,0.2059,2.311,0.214,0.125,3.97,-1.0,fallback,162,0,2.311,9.17,sales velocity is in the bottom 35% of category/store peers,no markdown: slow-selling risk is low
HOBBIES_1_160_CA_3_evaluation,HOBBIES_1_160,CA_3,HOBBIES,LOW,1,0.2059,1.752,0.143,0.1333,19.96,-1.129,historical_association,205,0,1.752,34.96,sales velocity is in the bottom 35% of category/store peers,no markdown: slow-selling risk is low
HOBBIES_2_112_TX_1_evaluation,HOBBIES_2_112,TX_1,HOBBIES,LOW,1,0.2059,1.752,0.071,0.1429,2.47,-1.0,fallback,277,0,1.752,4.33,sales velocity is in the bottom 35% of category/store peers,no markdown: slow-selling risk is low
FOODS_3_558_WI_3_evaluation,FOODS_3_558,WI_3,FOODS,LOW,1,0.2059,2.649,0.286,0.25,2.98,-1.0,fallback,278,0,2.649,7.9,sales velocity is in the bottom 35% of category/store peers,no markdown: slow-selling risk is low
HOBBIES_1_250_CA_1_evaluation,HOBBIES_1_250,CA_1,HOBBIES,LOW,1,0.2059,1.916,0.214,0.2667,4.88,-1.0,fallback,224,0,1.916,9.35,sales velocity is in the bottom 35% of category/store peers,no markdown: slow-selling risk is low
HOUSEHOLD_2_045_WI_2_evaluation,HOUSEHOLD_2_045,WI_2,HOUSEHOLD,LOW,1,0.2188,2.146,0.179,0.3571,8.64,-1.0,fallback,278,0,2.146,18.54,sales velocity is in the bottom 35% of category/store peers,no markdown: slow-selling risk is low
HOBBIES_2_107_TX_3_evaluation,HOBBIES_2_107,TX_3,HOBBIES,LOW,1,0.2353,1.38,0.214,0.0,0.5,-2.876,historical_association,209,0,1.38,0.69,sales velocity is in the bottom 35% of category/store peers,no markdown: slow-selling risk is low
HOBBIES_1_087_CA_2_evaluation,HOBBIES_1_087,CA_2,HOBBIES,LOW,1,0.2353,3.323,0.25,0.1875,12.88,-1.0,fallback,203,0,3.323,42.8,sales velocity is in the bottom 35% of category/store peers,no markdown: slow-selling risk is low
HOBBIES_2_088_TX_3_evaluation,HOBBIES_2_088,TX_3,HOBBIES,LOW,1,0.2353,2.689,0.214,0.2667,2.77,-1.867,historical_association,278,0,2.689,7.45,sales velocity is in the bottom 35% of category/store peers,no markdown: slow-selling risk is low
FOODS_2_177_WI_2_evaluation,FOODS_2_177,WI_2,FOODS,LOW,1,0.2353,3.618,0.5,0.4706,3.33,-0.293,historical_association,212,0,3.618,12.05,sales velocity is in the bottom 35% of category/store peers,no markdown: slow-selling risk is low
HOUSEHOLD_2_041_TX_2_evaluation,HOUSEHOLD_2_041,TX_2,HOUSEHOLD,LOW,1,0.25,1.752,0.107,0.0667,4.97,-0.755,historical_association,278,0,1.752,8.71,sales velocity is in the bottom 35% of category/store peers,no markdown: slow-selling risk is low
HOUSEHOLD_1_375_TX_3_evaluation,HOUSEHOLD_1_375,TX_3,HOUSEHOLD,LOW,1,0.25,1.752,0.143,0.1333,7.97,-1.0,fallback,278,0,1.752,13.96,sales velocity is in the bottom 35% of category/store peers,no markdown: slow-selling risk is low
HOUSEHOLD_2_422_CA_1_evaluation,HOUSEHOLD_2_422,CA_1,HOUSEHOLD,LOW,1,0.25,2.649,0.25,0.1875,4.97,-1.0,fallback,277,0,2.649,13.17,sales velocity is in the bottom 35% of category/store peers,no markdown: slow-selling risk is low
HOUSEHOLD_1_008_CA_2_evaluation,HOUSEHOLD_1_008,CA_2,HOUSEHOLD,LOW,1,0.25,1.042,0.179,0.2,5.47,-1.0,fallback,270,0,1.042,5.7,sales velocity is in the bottom 35% of category/store peers,no markdown: slow-selling risk is low
HOUSEHOLD_1_148_WI_3_evaluation,HOUSEHOLD_1_148,WI_3,HOUSEHOLD,LOW,1,0.25,2.146,0.107,0.2143,5.92,-1.0,fallback,118,0,2.146,12.71,sales velocity is in the bottom 35% of category/store peers,no markdown: slow-selling risk is low
HOUSEHOLD_2_331_TX_1_evaluation,HOUSEHOLD_2_331,TX_1,HOUSEHOLD,LOW,1,0.2812,2.146,0.143,0.1333,3.97,-1.0,fallback,175,0,2.146,8.52,sales velocity is in the bottom 35% of category/store peers,no markdown: slow-selling risk is low
FOODS_3_553_WI_1_evaluation,FOODS_3_553,WI_1,FOODS,LOW,1,0.2941,4.914,0.679,-0.0417,2.56,-1.0,fallback,140,0,4.914,12.58,sales velocity is in the bottom 35% of category/store peers,no markdown: slow-selling risk is low
FOODS_3_773_CA_1_evaluation,FOODS_3_773,CA_1,FOODS,LOW,1,0.2941,6.306,0.786,0.0,4.98,-1.0,fallback,112,0,6.306,31.4,sales velocity is in the bottom 35% of category/store peers,no markdown: slow-selling risk is low
FOODS_3_179_CA_3_evaluation,FOODS_3_179,CA_3,FOODS,LOW,1,0.2941,4.977,0.643,0.0,4.98,-1.0,fallback,242,0,4.977,24.79,sales velocity is in the bottom 35% of category/store peers,no markdown: slow-selling risk is low
HOBBIES_1_294_CA_3_evaluation,HOBBIES_1_294,CA_3,HOBBIES,LOW,1,0.2941,2.255,0.214,0.0,3.88,-1.0,fallback,172,0,2.255,8.75,sales velocity is in the bottom 35% of category/store peers,no markdown: slow-selling risk is low
HOBBIES_1_183_WI_3_evaluation,HOBBIES_1_183,WI_3,HOBBIES,LOW,1,0.2941,2.146,0.107,0.0667,6.97,-1.734,historical_association,154,0,2.146,14.96,sales velocity is in the bottom 35% of category/store peers,no markdown: slow-selling risk is low
HOBBIES_1_068_WI_2_evaluation,HOBBIES_1_068,WI_2,HOBBIES,LOW,1,0.2941,1.752,0.143,0.1333,7.0,-1.0,fallback,278,0,1.752,12.26,sales velocity is in the bottom 35% of category/store peers,no markdown: slow-selling risk is low
HOUSEHOLD_1_537_WI_3_evaluation,HOUSEHOLD_1_537,WI_3,HOUSEHOLD,LOW,1,0.3125,1.752,0.143,0.0,15.97,-1.0,fallback,278,0,1.752,27.97,sales velocity is in the bottom 35% of category/store peers,no markdown: slow-selling risk is low
HOUSEHOLD_1_230_WI_1_evaluation,HOUSEHOLD_1_230,WI_1,HOUSEHOLD,LOW,1,0.3125,3.027,0.286,0.1176,3.28,-1.0,fallback,278,0,3.027,9.93,sales velocity is in the bottom 35% of category/store peers,no markdown: slow-selling risk is low
HOUSEHOLD_2_215_CA_1_evaluation,HOUSEHOLD_2_215,CA_1,HOUSEHOLD,LOW,1,0.3125,2.649,0.286,0.1176,1.88,-1.0,fallback,278,0,2.649,4.98,sales velocity is in the bottom 35% of category/store peers,no markdown: slow-selling risk is low
HOUSEHOLD_2_128_CA_4_evaluation,HOUSEHOLD_2_128,CA_4,HOUSEHOLD,LOW,1,0.3125,2.689,0.214,0.125,5.94,-1.0,fallback,278,0,2.689,15.97,sales velocity is in the bottom 35% of category/store peers,no markdown: slow-selling risk is low
HOUSEHOLD_1_074_CA_2_evaluation,HOUSEHOLD_1_074,CA_2,HOUSEHOLD,LOW,1,0.3125,2.984,0.321,0.1765,4.94,-1.0,fallback,276,0,2.984,14.74,sales velocity is in the bottom 35% of category/store peers,no markdown: slow-selling risk is low
HOBBIES_1_114_TX_1_evaluation,HOBBIES_1_114,TX_1,HOBBIES,LOW,1,0.3235,2.146,0.143,0.0,5.97,-1.0,fallback,211,0,2.146,12.81,sales velocity is in the bottom 35% of category/store peers,no markdown: slow-selling risk is low
HOBBIES_2_095_CA_4_evaluation,HOBBIES_2_095,CA_4,HOBBIES,LOW,1,0.3235,1.752,0.143,0.0,0.88,-1.0,fallback,109,0,1.752,1.54,sales velocity is in the bottom 35% of category/store peers,no markdown: slow-selling risk is low
FOODS_2_025_WI_3_evaluation,FOODS_2_025,WI_3,FOODS,LOW,1,0.3235,3.296,0.464,0.05,3.94,-3.0,historical_association,278,0,3.296,12.99,sales velocity is in the bottom 35% of category/store peers,no markdown: slow-selling risk is low
FOODS_1_084_WI_3_evaluation,FOODS_1_084,WI_3,FOODS,LOW,1,0.3235,3.776,0.464,0.05,6.03,-1.3,historical_association,278,0,3.776,22.77,sales velocity is in the bottom 35% of category/store peers,no markdown: slow-selling risk is low
HOBBIES_1_149_TX_1_evaluation,HOBBIES_1_149,TX_1,HOBBIES,LOW,1,0.3235,2.524,0.143,0.1333,1.56,-1.0,fallback,254,0,2.524,3.94,sales velocity is in the bottom 35% of category/store peers,no markdown: slow-selling risk is low
HOUSEHOLD_2_105_CA_3_evaluation,HOUSEHOLD_2_105,CA_3,HOUSEHOLD,LOW,1,0.3438,3.618,0.5,0.0,4.94,-3.0,historical_association,174,0,3.618,17.87,sales velocity is in the bottom 35% of category/store peers,no markdown: slow-selling risk is low
HOUSEHOLD_2_281_TX_2_evaluation,HOUSEHOLD_2_281,TX_2,HOUSEHOLD,LOW,1,0.3438,2.311,0.25,0.0588,5.27,-2.623,historical_association,278,0,2.311,12.18,sales velocity is in the bottom 35% of category/store peers,no markdown: slow-selling risk is low
HOUSEHOLD_1_433_CA_3_evaluation,HOUSEHOLD_1_433,CA_3,HOUSEHOLD,LOW,1,0.3438,4.15,0.5,0.1,8.97,-1.0,fallback,101,0,4.15,37.23,sales velocity is in the bottom 35% of category/store peers,no markdown: slow-selling risk is low
HOUSEHOLD_2_033_TX_3_evaluation,HOUSEHOLD_2_033,TX_3,HOUSEHOLD,LOW,1,0.3438,2.689,0.25,0.1875,6.97,-1.0,fallback,278,0,2.689,18.74,sales velocity is in the bottom 35% of category/store peers,no markdown: slow-selling risk is low
HOBBIES_1_265_CA_2_evaluation,HOBBIES_1_265,CA_2,HOBBIES,LOW,0,0.3529,1.38,0.286,-0.2857,3.97,-1.0,fallback,210,0,1.38,5.48,"sales are declining, but velocity remains healthy relative to category/store peers",no markdown: slow-selling risk is low
FOODS_1_128_CA_2_evaluation,FOODS_1_128,CA_2,FOODS,LOW,0,0.3529,5.931,0.75,-0.25,4.27,-1.926,historical_association,278,0,5.931,25.33,"sales are declining, but velocity remains healthy relative to category/store peers",no markdown: slow-selling risk is low
HOBBIES_2_137_CA_3_evaluation,HOBBIES_2_137,CA_3,HOBBIES,LOW,0,0.3529,1.916,0.25,-0.1579,2.97,-1.0,fallback,215,0,1.916,5.69,sales velocity and near-term demand do not indicate slow-selling risk,no markdown: slow-selling risk is low
HOBBIES_1_184_CA_1_evaluation,HOBBIES_1_184,CA_1,HOBBIES,LOW,0,0.3529,2.649,0.321,-0.15,12.68,-2.288,historical_association,204,0,2.649,33.59,sales velocity and near-term demand do not indicate slow-selling risk,no markdown: slow-selling risk is low
HOBBIES_1_273_CA_2_evaluation,HOBBIES_1_273,CA_2,HOBBIES,LOW,0,0.3529,2.649,0.286,-0.1053,12.68,-2.059,historical_association,278,0,2.649,33.59,sales velocity and near-term demand do not indicate slow-selling risk,no markdown: slow-selling risk is low
FOODS_3_566_TX_1_evaluation,FOODS_3_566,TX_1,FOODS,LOW,0,0.3529,2.255,0.321,-0.0526,1.0,-1.0,fallback,228,0,2.255,2.25,sales velocity and near-term demand do not indicate slow-selling risk,no markdown: slow-selling risk is low
FOODS_3_629_CA_3_evaluation,FOODS_3_629,CA_3,FOODS,LOW,0,0.3529,5.982,0.821,-0.0385,4.98,-0.783,historical_association,278,0,5.982,29.79,sales velocity and near-term demand do not indicate slow-selling risk,no markdown: slow-selling risk is low
HOBBIES_2_095_WI_1_evaluation,HOBBIES_2_095,WI_1,HOBBIES,LOW,0,0.3529,1.752,0.214,0.0,0.88,-1.0,fallback,105,0,1.752,1.54,sales velocity and near-term demand do not indicate slow-selling risk,no markdown: slow-selling risk is low
HOBBIES_2_137_WI_3_evaluation,HOBBIES_2_137,WI_3,HOBBIES,LOW,0,0.3529,2.146,0.143,0.0,2.97,-1.0,fallback,215,0,2.146,6.37,sales velocity and near-term demand do not indicate slow-selling risk,no markdown: slow-selling risk is low
HOBBIES_2_038_CA_1_evaluation,HOBBIES_2_038,CA_1,HOBBIES,LOW,0,0.3529,2.482,0.321,0.0556,0.97,-1.0,fallback,107,0,2.482,2.41,sales velocity and near-term demand do not indicate slow-selling risk,no markdown: slow-selling risk is low
HOBBIES_2_064_CA_1_evaluation,HOBBIES_2_064,CA_1,HOBBIES,LOW,0,0.3529,3.027,0.321,0.0556,0.97,-1.0,fallback,162,0,3.027,2.94,sales velocity and near-term demand do not indicate slow-selling risk,no markdown: slow-selling risk is low
FOODS_2_351_WI_2_evaluation,FOODS_2_351,WI_2,FOODS,LOW,0,0.3529,4.914,0.714,0.087,2.98,-2.622,historical_association,257,0,4.914,14.64,sales velocity and near-term demand do not indicate slow-selling risk,no markdown: slow-selling risk is low
FOODS_3_823_TX_2_evaluation,FOODS_3_823,TX_2,FOODS,LOW,0,0.3529,4.313,0.393,0.1667,2.98,-1.0,fallback,278,0,4.313,12.85,sales velocity and near-term demand do not indicate slow-selling risk,no markdown: slow-selling risk is low
HOBBIES_1_036_CA_2_evaluation,HOBBIES_1_036,CA_2,HOBBIES,LOW,0,0.3529,3.155,0.286,0.4,1.12,-1.0,fallback,278,0,3.155,3.53,sales velocity and near-term demand do not indicate slow-selling risk,no markdown: slow-selling risk is low
FOODS_1_174_WI_1_evaluation,FOODS_1_174,WI_1,FOODS,LOW,0,0.3529,7.887,0.893,0.4091,5.28,-3.0,historical_association,278,0,7.887,41.64,sales velocity and near-term demand do not indicate slow-selling risk,no markdown: slow-selling risk is low
HOBBIES_1_267_TX_3_evaluation,HOBBIES_1_267,TX_3,HOBBIES,LOW,0,0.3529,3.323,0.25,0.5,2.88,-1.0,fallback,225,0,3.323,9.57,sales velocity and near-term demand do not indicate slow-selling risk,no markdown: slow-selling risk is low
FOODS_3_445_CA_4_evaluation,FOODS_3_445,CA_4,FOODS,LOW,0,0.3529,3.996,0.536,0.5294,2.48,-1.0,fallback,188,0,3.996,9.91,sales velocity and near-term demand do not indicate slow-selling risk,no markdown: slow-selling risk is low
HOUSEHOLD_1_468_WI_2_evaluation,HOUSEHOLD_1_468,WI_2,HOUSEHOLD,LOW,0,0.375,2.146,0.214,-0.1111,4.98,-1.052,historical_association,278,0,2.146,10.69,sales velocity and near-term demand do not indicate slow-selling risk,no markdown: slow-selling risk is low
HOUSEHOLD_2_214_WI_2_evaluation,HOUSEHOLD_2_214,WI_2,HOUSEHOLD,LOW,0,0.375,2.311,0.214,-0.1111,6.94,-1.0,fallback,278,0,2.311,16.04,sales velocity and near-term demand do not indicate slow-selling risk,no markdown: slow-selling risk is low
HOUSEHOLD_1_315_WI_2_evaluation,HOUSEHOLD_1_315,WI_2,HOUSEHOLD,LOW,0,0.375,2.689,0.214,0.0,9.48,-1.0,fallback,169,0,2.689,25.49,sales velocity and near-term demand do not indicate slow-selling risk,no markdown: slow-selling risk is low
HOUSEHOLD_1_116_CA_2_evaluation,HOUSEHOLD_1_116,CA_2,HOUSEHOLD,LOW,0,0.375,3.464,0.357,0.0,2.97,-1.0,fallback,100,0,3.464,10.29,sales velocity and near-term demand do not indicate slow-selling risk,no markdown: slow-selling risk is low
HOUSEHOLD_1_398_TX_1_evaluation,HOUSEHOLD_1_398,TX_1,HOUSEHOLD,LOW,0,0.375,2.311,0.214,0.2667,2.84,-1.444,historical_association,220,0,2.311,6.56,sales velocity and near-term demand do not indicate slow-selling risk,no markdown: slow-selling risk is low
HOUSEHOLD_2_362_CA_1_evaluation,HOUSEHOLD_2_362,CA_1,HOUSEHOLD,LOW,0,0.375,4.682,0.357,0.7143,3.94,-1.0,fallback,278,0,4.682,18.45,sales velocity and near-term demand do not indicate slow-selling risk,no markdown: slow-selling risk is low
HOUSEHOLD_2_310_WI_3_evaluation,HOUSEHOLD_2_310,WI_3,HOUSEHOLD,LOW,0,0.4062,1.752,0.179,-0.0588,1.42,-1.0,fallback,278,0,1.752,2.49,sales velocity and near-term demand do not indicate slow-selling risk,no markdown: slow-selling risk is low
HOUSEHOLD_2_241_WI_3_evaluation,HOUSEHOLD_2_241,WI_3,HOUSEHOLD,LOW,0,0.4062,1.752,0.179,-0.0588,4.94,-3.0,historical_association,255,0,1.752,8.65,sales velocity and near-term demand do not indicate slow-selling risk,no markdown: slow-selling risk is low
FOODS_2_291_TX_3_evaluation,FOODS_2_291,TX_3,FOODS,LOW,0,0.4118,2.778,0.607,-0.5484,6.98,-1.0,fallback,278,0,2.778,19.39,"sales are declining, but velocity remains healthy relative to category/store peers",no markdown: slow-selling risk is low
FOODS_1_106_CA_1_evaluation,FOODS_1_106,CA_1,FOODS,LOW,0,0.4118,4.516,0.857,-0.5143,3.54,-2.547,historical_association,278,0,4.516,15.99,"sales are declining, but velocity remains healthy relative to category/store peers",no markdown: slow-selling risk is low
HOBBIES_1_250_TX_2_evaluation,HOBBIES_1_250,TX_2,HOBBIES,LOW,0,0.4118,1.38,0.357,-0.2727,4.88,-1.0,fallback,224,0,1.38,6.74,"sales are declining, but velocity remains healthy relative to category/store peers",no markdown: slow-selling risk is low
FOODS_2_256_CA_3_evaluation,FOODS_2_256,CA_3,FOODS,LOW,0,0.4118,8.075,1.214,-0.1212,6.36,-1.0,fallback,198,0,8.075,51.36,sales velocity and near-term demand do not indicate slow-selling risk,no markdown: slow-selling risk is low
FOODS_3_536_WI_2_evaluation,FOODS_3_536,WI_2,FOODS,LOW,0,0.4118,5.931,0.75,-0.04,2.98,-0.238,historical_association,211,0,5.931,17.68,sales velocity and near-term demand do not indicate slow-selling risk,no markdown: slow-selling risk is low
FOODS_3_440_CA_1_evaluation,FOODS_3_440,CA_1,FOODS,LOW,0,0.4118,4.516,0.857,0.0,5.22,-1.0,fallback,117,0,4.516,23.57,sales velocity and near-term demand do not indicate slow-selling risk,no markdown: slow-selling risk is low
FOODS_1_101_CA_2_evaluation,FOODS_1_101,CA_2,FOODS,LOW,0,0.4118,5.864,0.929,0.0,2.0,-1.0,fallback,278,0,5.864,11.73,sales velocity and near-term demand do not indicate slow-selling risk,no markdown: slow-selling risk is low
HOBBIES_1_364_TX_1_evaluation,HOBBIES_1_364,TX_1,HOBBIES,LOW,0,0.4118,1.042,0.214,0.0,12.78,-1.0,fallback,278,0,1.042,13.31,sales velocity and near-term demand do not indicate slow-selling risk,no markdown: slow-selling risk is low
HOBBIES_1_217_TX_3_evaluation,HOBBIES_1_217,TX_3,HOBBIES,LOW,0,0.4118,2.482,0.286,0.0,3.47,-1.0,fallback,264,0,2.482,8.61,sales velocity and near-term demand do not indicate slow-selling risk,no markdown: slow-selling risk is low
HOBBIES_1_060_CA_3_evaluation,HOBBIES_1_060,CA_3,HOBBIES,LOW,0,0.4118,3.296,0.393,0.0526,29.96,-1.0,fallback,204,0,3.296,98.74,sales velocity and near-term demand do not indicate slow-selling risk,no markdown: slow-selling risk is low
FOODS_3_174_CA_1_evaluation,FOODS_3_174,CA_1,FOODS,LOW,0,0.4118,5.584,0.857,0.08,6.48,-3.0,historical_association,278,0,5.584,36.18,sales velocity and near-term demand do not indicate slow-selling risk,no markdown: slow-selling risk is low
FOODS_2_109_TX_1_evaluation,FOODS_2_109,TX_1,FOODS,LOW,0,0.4118,2.918,0.429,0.1053,2.68,-1.0,fallback,251,0,2.918,7.82,sales velocity and near-term demand do not indicate slow-selling risk,no markdown: slow-selling risk is low
FOODS_1_083_WI_1_evaluation,FOODS_1_083,WI_1,FOODS,LOW,0,0.4118,7.751,1.036,0.1111,2.0,-1.0,fallback,278,0,7.751,15.5,sales velocity and near-term demand do not indicate slow-selling risk,no markdown: slow-selling risk is low
FOODS_3_175_CA_4_evaluation,FOODS_3_175,CA_4,FOODS,LOW,0,0.4118,3.996,0.571,0.2,7.48,-3.0,historical_association,270,0,3.996,29.89,sales velocity and near-term demand do not indicate slow-selling risk,no markdown: slow-selling risk is low
FOODS_1_160_TX_2_evaluation,FOODS_1_160,TX_2,FOODS,LOW,0,0.4118,4.689,0.536,0.5294,2.24,-1.0,fallback,73,0,4.689,10.5,sales velocity and near-term demand do not indicate slow-selling risk,no markdown: slow-selling risk is low
HOUSEHOLD_1_484_CA_2_evaluation,HOUSEHOLD_1_484,CA_2,HOUSEHOLD,LOW,0,0.4375,3.477,0.5,-0.32,9.97,-1.0,fallback,60,0,3.477,34.66,"sales are declining, but velocity remains healthy relative to category/store peers",no markdown: slow-selling risk is low
HOUSEHOLD_2_146_CA_4_evaluation,HOUSEHOLD_2_146,CA_4,HOUSEHOLD,LOW,0,0.4375,1.042,0.25,-0.1579,6.47,-1.0,fallback,120,0,1.042,6.74,sales velocity and near-term demand do not indicate slow-selling risk,no markdown: slow-selling risk is low
HOUSEHOLD_2_002_TX_1_evaluation,HOUSEHOLD_2_002,TX_1,HOUSEHOLD,LOW,0,0.4375,3.168,0.321,-0.15,2.67,-1.0,fallback,278,0,3.168,8.46,sales velocity and near-term demand do not indicate slow-selling risk,no markdown: slow-selling risk is low
HOUSEHOLD_2_318_TX_3_evaluation,HOUSEHOLD_2_318,TX_3,HOUSEHOLD,LOW,0,0.4375,2.482,0.286,-0.1053,3.97,-1.0,fallback,162,0,2.482,9.85,sales velocity and near-term demand do not indicate slow-selling risk,no markdown: slow-selling risk is low
HOUSEHOLD_2_232_CA_3_evaluation,HOUSEHOLD_2_232,CA_3,HOUSEHOLD,LOW,0,0.4375,4.15,0.536,-0.0455,4.78,-1.0,fallback,244,0,4.15,19.84,sales velocity and near-term demand do not indicate slow-selling risk,no markdown: slow-selling risk is low
HOUSEHOLD_2_022_WI_1_evaluation,HOUSEHOLD_2_022,WI_1,HOUSEHOLD,LOW,0,0.4375,2.255,0.321,0.0556,5.64,-1.0,fallback,268,0,2.255,12.72,sales velocity and near-term demand do not indicate slow-selling risk,no markdown: slow-selling risk is low
HOUSEHOLD_2_011_TX_2_evaluation,HOUSEHOLD_2_011,TX_2,HOUSEHOLD,LOW,0,0.4375,2.79,0.357,0.1111,5.62,-1.0,fallback,218,0,2.79,15.68,sales velocity and near-term demand do not indicate slow-selling risk,no markdown: slow-selling risk is low
FOODS_3_340_WI_3_evaluation,FOODS_3_340,WI_3,FOODS,LOW,0,0.4412,4.141,0.679,-0.1923,3.32,-1.0,fallback,120,0,4.141,13.75,sales velocity and near-term demand do not indicate slow-selling risk,no markdown: slow-selling risk is low
HOBBIES_2_058_CA_4_evaluation,HOBBIES_2_058,CA_4,HOBBIES,LOW,0,0.4412,1.916,0.179,-0.1667,0.5,-1.0,fallback,108,0,1.916,0.96,sales velocity and near-term demand do not indicate slow-selling risk,no markdown: slow-selling risk is low
HOBBIES_1_116_WI_2_evaluation,HOBBIES_1_116,WI_2,HOBBIES,LOW,0,0.4412,2.311,0.179,-0.0588,6.47,-1.0,fallback,201,0,2.311,14.95,sales velocity and near-term demand do not indicate slow-selling risk,no markdown: slow-selling risk is low
HOBBIES_2_117_WI_3_evaluation,HOBBIES_2_117,WI_3,HOBBIES,LOW,0,0.4412,2.146,0.179,-0.0588,2.88,-1.0,fallback,275,0,2.146,6.18,sales velocity and near-term demand do not indicate slow-selling risk,no markdown: slow-selling risk is low
HOBBIES_2_144_WI_2_evaluation,HOBBIES_2_144,WI_2,HOBBIES,LOW,0,0.4412,2.311,0.179,-0.0588,0.5,-1.0,fallback,162,0,2.311,1.16,sales velocity and near-term demand do not indicate slow-selling risk,no markdown: slow-selling risk is low
HOBBIES_1_004_WI_1_evaluation,HOBBIES_1_004,WI_1,HOBBIES,LOW,0,0.4412,2.255,0.286,0.0,4.64,-1.0,fallback,278,0,2.255,10.46,sales velocity and near-term demand do not indicate slow-selling risk,no markdown: slow-selling risk is low
FOODS_2_331_WI_3_evaluation,FOODS_2_331,WI_3,FOODS,LOW,0,0.4412,4.773,0.679,0.0435,2.5,-1.321,historical_association,225,0,4.773,11.93,sales velocity and near-term demand do not indicate slow-selling risk,no markdown: slow-selling risk is low
HOBBIES_2_054_WI_3_evaluation,HOBBIES_2_054,WI_3,HOBBIES,LOW,0,0.4412,1.042,0.179,0.0625,3.97,-1.0,fallback,159,0,1.042,4.14,sales velocity and near-term demand do not indicate slow-selling risk,no markdown: slow-selling risk is low
HOBBIES_1_100_WI_1_evaluation,HOBBIES_1_100,WI_1,HOBBIES,LOW,0,0.4412,2.087,0.286,0.1176,11.28,-3.0,historical_association,278,0,2.087,23.54,sales velocity and near-term demand do not indicate slow-selling risk,no markdown: slow-selling risk is low
HOBBIES_1_193_CA_4_evaluation,HOBBIES_1_193,CA_4,HOBBIES,LOW,0,0.4412,2.689,0.179,0.2,7.98,-1.0,fallback,278,0,2.689,21.46,sales velocity and near-term demand do not indicate slow-selling risk,no markdown: slow-selling risk is low
HOUSEHOLD_1_190_CA_1_evaluation,HOUSEHOLD_1_190,CA_1,HOUSEHOLD,LOW,0,0.4688,3.618,0.5,-0.0909,4.94,-1.0,fallback,124,0,3.618,17.87,sales velocity and near-term demand do not indicate slow-selling risk,no markdown: slow-selling risk is low
HOUSEHOLD_1_117_CA_1_evaluation,HOUSEHOLD_1_117,CA_1,HOUSEHOLD,LOW,0,0.4688,4.689,0.5,0.0,7.97,-0.969,historical_association,278,0,4.689,37.37,sales velocity and near-term demand do not indicate slow-selling risk,no markdown: slow-selling risk is low
FOODS_1_052_CA_2_evaluation,FOODS_1_052,CA_2,FOODS,LOW,0,0.4706,7.255,1.179,-0.3514,0.98,-1.0,fallback,158,0,7.255,7.11,"sales are declining, but velocity remains healthy relative to category/store peers",no markdown: slow-selling risk is low
FOODS_3_114_TX_2_evaluation,FOODS_3_114,TX_2,FOODS,LOW,0,0.4706,4.536,0.679,-0.12,2.68,-1.777,historical_association,212,0,4.536,12.16,sales velocity and near-term demand do not indicate slow-selling risk,no markdown: slow-selling risk is low
FOODS_3_129_WI_2_evaluation,FOODS_3_129,WI_2,FOODS,LOW,0,0.4706,5.288,0.821,-0.1111,2.68,-1.0,fallback,154,0,5.288,14.17,sales velocity and near-term demand do not indicate slow-selling risk,no markdown: slow-selling risk is low
FOODS_3_733_TX_3_evaluation,FOODS_3_733,TX_3,FOODS,LOW,0,0.4706,4.425,0.643,-0.0833,1.98,-1.0,fallback,124,0,4.425,8.76,sales velocity and near-term demand do not indicate slow-selling risk,no markdown: slow-selling risk is low
HOBBIES_1_007_CA_3_evaluation,HOBBIES_1_007,CA_3,HOBBIES,LOW,0,0.4706,2.918,0.429,0.0,7.88,-1.0,fallback,200,0,2.918,22.99,sales velocity and near-term demand do not indicate slow-selling risk,no markdown: slow-selling risk is low
FOODS_1_194_TX_1_evaluation,FOODS_1_194,TX_1,FOODS,LOW,0,0.4706,4.469,0.464,0.1579,4.86,-1.0,fallback,278,0,4.469,21.72,sales velocity and near-term demand do not indicate slow-selling risk,no markdown: slow-selling risk is low
HOBBIES_1_044_TX_2_evaluation,HOBBIES_1_044,TX_2,HOBBIES,LOW,0,0.4706,2.918,0.393,0.1667,1.48,-1.0,fallback,278,0,2.918,4.32,sales velocity and near-term demand do not indicate slow-selling risk,no markdown: slow-selling risk is low
HOBBIES_2_065_TX_1_evaluation,HOBBIES_2_065,TX_1,HOBBIES,LOW,0,0.4706,3.862,0.25,0.1875,0.5,-1.0,fallback,109,0,3.862,1.93,sales velocity and near-term demand do not indicate slow-selling risk,no markdown: slow-selling risk is low
HOBBIES_1_053_CA_2_evaluation,HOBBIES_1_053,CA_2,HOBBIES,LOW,0,0.4706,3.862,0.357,0.2353,3.97,-1.0,fallback,159,0,3.862,15.33,sales velocity and near-term demand do not indicate slow-selling risk,no markdown: slow-selling risk is low
HOBBIES_2_026_CA_1_evaluation,HOBBIES_2_026,CA_1,HOBBIES,LOW,0,0.4706,3.437,0.429,0.3529,0.23,-1.0,fallback,110,0,3.437,0.79,sales velocity and near-term demand do not indicate slow-selling risk,no markdown: slow-selling risk is low
HOBBIES_1_238_TX_3_evaluation,HOBBIES_1_238,TX_3,HOBBIES,LOW,0,0.5,2.255,0.321,-0.2381,5.94,-1.0,fallback,278,0,2.255,13.39,"sales are declining, but velocity remains healthy relative to category/store peers",no markdown: slow-selling risk is low
FOODS_1_112_CA_3_evaluation,FOODS_1_112,CA_3,FOODS,LOW,0,0.5,7.748,1.321,-0.1944,1.98,-1.0,fallback,278,0,7.748,15.34,sales velocity and near-term demand do not indicate slow-selling risk,no markdown: slow-selling risk is low
HOUSEHOLD_1_464_WI_1_evaluation,HOUSEHOLD_1_464,WI_1,HOUSEHOLD,LOW,0,0.5,3.027,0.357,-0.1905,9.47,-1.0,fallback,278,0,3.027,28.67,sales velocity and near-term demand do not indicate slow-selling risk,no markdown: slow-selling risk is low
FOODS_3_224_CA_4_evaluation,FOODS_3_224,CA_4,FOODS,LOW,0,0.5,5.931,0.75,-0.1852,3.98,-3.0,historical_association,278,0,5.931,23.61,sales velocity and near-term demand do not indicate slow-selling risk,no markdown: slow-selling risk is low
HOUSEHOLD_2_459_CA_3_evaluation,HOUSEHOLD_2_459,CA_3,HOUSEHOLD,LOW,0,0.5,5.442,0.643,-0.16,19.54,-1.0,fallback,108,0,5.442,106.34,sales velocity and near-term demand do not indicate slow-selling risk,no markdown: slow-selling risk is low
HOUSEHOLD_2_171_TX_2_evaluation,HOUSEHOLD_2_171,TX_2,HOUSEHOLD,LOW,0,0.5,2.918,0.429,-0.0952,3.87,-1.0,fallback,108,0,2.918,11.29,sales velocity and near-term demand do not indicate slow-selling risk,no markdown: slow-selling risk is low
FOODS_1_013_CA_3_evaluation,FOODS_1_013,CA_3,FOODS,LOW,0,0.5,8.766,1.321,-0.0882,1.5,-1.0,fallback,278,0,8.766,13.15,sales velocity and near-term demand do not indicate slow-selling risk,no markdown: slow-selling risk is low
HOUSEHOLD_2_402_WI_2_evaluation,HOUSEHOLD_2_402,WI_2,HOUSEHOLD,LOW,0,0.5,2.087,0.321,-0.0526,8.97,-1.0,fallback,122,0,2.087,18.72,sales velocity and near-term demand do not indicate slow-selling risk,no markdown: slow-selling risk is low
HOUSEHOLD_2_219_TX_1_evaluation,HOUSEHOLD_2_219,TX_1,HOUSEHOLD,LOW,0,0.5,3.989,0.393,0.0526,3.48,-1.836,historical_association,278,0,3.989,13.88,sales velocity and near-term demand do not indicate slow-selling risk,no markdown: slow-selling risk is low
HOBBIES_2_002_TX_3_evaluation,HOBBIES_2_002,TX_3,HOBBIES,LOW,0,0.5,2.649,0.321,0.0556,1.47,-1.0,fallback,277,0,2.649,3.89,sales velocity and near-term demand do not indicate slow-selling risk,no markdown: slow-selling risk is low
HOUSEHOLD_2_188_WI_3_evaluation,HOUSEHOLD_2_188,WI_3,HOUSEHOLD,LOW,0,0.5,1.916,0.214,0.125,7.54,-1.0,fallback,135,0,1.916,14.45,sales velocity and near-term demand do not indicate slow-selling risk,no markdown: slow-selling risk is low
FOODS_3_260_WI_1_evaluation,FOODS_3_260,WI_1,FOODS,LOW,0,0.5,7.956,1.071,0.1481,1.97,-1.0,fallback,74,0,7.956,15.67,sales velocity and near-term demand do not indicate slow-selling risk,no markdown: slow-selling risk is low
HOUSEHOLD_2_341_TX_3_evaluation,HOUSEHOLD_2_341,TX_3,HOUSEHOLD,LOW,0,0.5,3.027,0.321,0.1765,5.32,-1.0,fallback,278,0,3.027,16.11,sales velocity and near-term demand do not indicate slow-selling risk,no markdown: slow-selling risk is low
FOODS_3_365_CA_4_evaluation,FOODS_3_365,CA_4,FOODS,LOW,0,0.5,4.536,0.75,0.2273,5.24,-1.039,historical_association,278,0,4.536,23.77,sales velocity and near-term demand do not indicate slow-selling risk,no markdown: slow-selling risk is low
FOODS_3_625_WI_1_evaluation,FOODS_3_625,WI_1,FOODS,LOW,0,0.5,7.255,1.071,0.2308,3.0,-1.0,fallback,211,0,7.255,21.76,sales velocity and near-term demand do not indicate slow-selling risk,no markdown: slow-selling risk is low
HOUSEHOLD_1_137_CA_4_evaluation,HOUSEHOLD_1_137,CA_4,HOUSEHOLD,LOW,0,0.5,3.027,0.286,0.25,12.98,-1.0,fallback,72,0,3.027,39.3,sales velocity and near-term demand do not indicate slow-selling risk,no markdown: slow-selling risk is low
HOBBIES_1_092_WI_3_evaluation,HOBBIES_1_092,WI_3,HOBBIES,LOW,0,0.5294,1.042,0.214,-0.2105,2.38,-1.0,fallback,278,0,1.042,2.48,"sales are declining, but velocity remains healthy relative to category/store peers",no markdown: slow-selling risk is low
FOODS_3_673_TX_2_evaluation,FOODS_3_673,TX_2,FOODS,LOW,0,0.5294,4.516,0.857,-0.2069,5.98,-1.0,fallback,143,0,4.516,27.0,"sales are declining, but velocity remains healthy relative to category/store peers",no markdown: slow-selling risk is low
HOBBIES_2_135_CA_3_evaluation,HOBBIES_2_135,CA_3,HOBBIES,LOW,0,0.5294,5.013,0.536,-0.1304,0.5,-1.284,historical_association,212,0,5.013,2.51,sales velocity and near-term demand do not indicate slow-selling risk,no markdown: slow-selling risk is low
HOBBIES_1_073_CA_4_evaluation,HOBBIES_1_073,CA_4,HOBBIES,LOW,0,0.5294,2.311,0.214,-0.1111,5.47,-1.0,fallback,278,0,2.311,12.64,sales velocity and near-term demand do not indicate slow-selling risk,no markdown: slow-selling risk is low
FOODS_3_269_CA_1_evaluation,FOODS_3_269,CA_1,FOODS,LOW,0,0.5294,7.956,1.179,-0.0938,2.68,-2.598,historical_association,278,0,7.956,21.32,sales velocity and near-term demand do not indicate slow-selling risk,no markdown: slow-selling risk is low
HOBBIES_1_038_CA_2_evaluation,HOBBIES_1_038,CA_2,HOBBIES,LOW,0,0.5294,3.296,0.429,0.0,3.22,-1.0,fallback,278,0,3.296,10.61,sales velocity and near-term demand do not indicate slow-selling risk,no markdown: slow-selling risk is low
HOBBIES_2_045_CA_1_evaluation,HOBBIES_2_045,CA_1,HOBBIES,LOW,0,0.5294,3.223,0.5,0.0,2.47,-1.0,fallback,192,0,3.223,7.96,sales velocity and near-term demand do not indicate slow-selling risk,no markdown: slow-selling risk is low
FOODS_2_125_CA_2_evaluation,FOODS_2_125,CA_2,FOODS,LOW,0,0.5294,10.067,1.393,0.0303,2.67,-1.0,fallback,53,0,10.067,26.88,sales velocity and near-term demand do not indicate slow-selling risk,no markdown: slow-selling risk is low
HOBBIES_1_041_WI_2_evaluation,HOBBIES_1_041,WI_2,HOBBIES,LOW,0,0.5294,2.311,0.214,0.125,4.22,-0.929,historical_association,259,0,2.311,9.75,sales velocity and near-term demand do not indicate slow-selling risk,no markdown: slow-selling risk is low
FOODS_3_731_WI_2_evaluation,FOODS_3_731,WI_2,FOODS,LOW,0,0.5294,7.353,1.25,0.3333,2.98,-1.0,fallback,177,0,7.353,21.91,sales velocity and near-term demand do not indicate slow-selling risk,no markdown: slow-selling risk is low
FOODS_2_253_WI_3_evaluation,FOODS_2_253,WI_3,FOODS,LOW,0,0.5294,6.632,0.75,0.3333,7.82,-1.0,fallback,35,0,6.632,51.86,sales velocity and near-term demand do not indicate slow-selling risk,no markdown: slow-selling risk is low
HOBBIES_2_002_TX_2_evaluation,HOBBIES_2_002,TX_2,HOBBIES,LOW,0,0.5294,4.653,0.464,0.7333,1.47,-1.0,fallback,278,0,4.653,6.84,sales velocity and near-term demand do not indicate slow-selling risk,no markdown: slow-selling risk is low
FOODS_2_166_TX_3_evaluation,FOODS_2_166,TX_3,FOODS,LOW,0,0.5294,6.632,0.714,1.4286,2.18,-2.598,historical_association,278,0,6.632,14.46,sales velocity and near-term demand do not indicate slow-selling risk,no markdown: slow-selling risk is low
HOUSEHOLD_2_359_CA_2_evaluation,HOUSEHOLD_2_359,CA_2,HOUSEHOLD,LOW,0,0.5312,7.287,0.929,0.16,9.94,-2.421,historical_association,105,0,7.287,72.43,sales velocity and near-term demand do not indicate slow-selling risk,no markdown: slow-selling risk is low
HOUSEHOLD_2_154_CA_2_evaluation,HOUSEHOLD_2_154,CA_2,HOUSEHOLD,LOW,0,0.5312,6.995,0.929,0.3478,1.88,-1.0,fallback,277,0,6.995,13.15,sales velocity and near-term demand do not indicate slow-selling risk,no markdown: slow-selling risk is low
HOBBIES_1_375_TX_1_evaluation,HOBBIES_1_375,TX_1,HOBBIES,LOW,0,0.5588,2.689,0.286,-0.1053,9.88,-1.0,fallback,221,0,2.689,26.56,sales velocity and near-term demand do not indicate slow-selling risk,no markdown: slow-selling risk is low
FOODS_3_595_TX_1_evaluation,FOODS_3_595,TX_1,FOODS,LOW,0,0.5588,5.607,0.679,-0.0417,1.98,-1.0,fallback,140,0,5.607,11.1,sales velocity and near-term demand do not indicate slow-selling risk,no markdown: slow-selling risk is low
FOODS_3_535_TX_1_evaluation,FOODS_3_535,TX_1,FOODS,LOW,0,0.5588,5.607,0.679,0.0435,5.98,-0.71,historical_association,278,0,5.607,33.53,sales velocity and near-term demand do not indicate slow-selling risk,no markdown: slow-selling risk is low
HOBBIES_1_047_TX_1_evaluation,HOBBIES_1_047,TX_1,HOBBIES,LOW,0,0.5588,4.682,0.286,0.5714,1.63,-1.0,fallback,278,0,4.682,7.63,sales velocity and near-term demand do not indicate slow-selling risk,no markdown: slow-selling risk is low
HOUSEHOLD_1_046_TX_3_evaluation,HOUSEHOLD_1_046,TX_3,HOUSEHOLD,LOW,0,0.5625,3.257,0.464,-0.1364,3.78,-1.0,fallback,278,0,3.257,12.31,sales velocity and near-term demand do not indicate slow-selling risk,no markdown: slow-selling risk is low
HOUSEHOLD_1_332_CA_4_evaluation,HOUSEHOLD_1_332,CA_4,HOUSEHOLD,LOW,0,0.5625,3.732,0.429,-0.0952,9.74,-1.0,fallback,162,0,3.732,36.35,sales velocity and near-term demand do not indicate slow-selling risk,no markdown: slow-selling risk is low
HOUSEHOLD_1_485_WI_2_evaluation,HOUSEHOLD_1_485,WI_2,HOUSEHOLD,LOW,0,0.5625,2.523,0.429,0.0,2.97,-1.0,fallback,277,0,2.523,7.49,sales velocity and near-term demand do not indicate slow-selling risk,no markdown: slow-selling risk is low
HOUSEHOLD_2_173_CA_3_evaluation,HOUSEHOLD_2_173,CA_3,HOUSEHOLD,LOW,0,0.5625,6.586,0.929,0.0,6.46,-1.0,fallback,270,0,6.586,42.55,sales velocity and near-term demand do not indicate slow-selling risk,no markdown: slow-selling risk is low
HOUSEHOLD_1_204_WI_3_evaluation,HOUSEHOLD_1_204,WI_3,HOUSEHOLD,LOW,0,0.5625,1.521,0.286,0.1176,1.88,-1.0,fallback,257,0,1.521,2.86,sales velocity and near-term demand do not indicate slow-selling risk,no markdown: slow-selling risk is low
HOUSEHOLD_1_252_TX_2_evaluation,HOUSEHOLD_1_252,TX_2,HOUSEHOLD,LOW,0,0.5625,4.872,0.5,0.2105,9.47,-0.229,historical_association,224,0,4.872,46.14,sales velocity and near-term demand do not indicate slow-selling risk,no markdown: slow-selling risk is low
HOUSEHOLD_2_284_TX_1_evaluation,HOUSEHOLD_2_284,TX_1,HOUSEHOLD,LOW,0,0.5625,5.013,0.5,0.2105,5.94,-1.0,fallback,278,0,5.013,29.78,sales velocity and near-term demand do not indicate slow-selling risk,no markdown: slow-selling risk is low
HOUSEHOLD_2_311_CA_1_evaluation,HOUSEHOLD_2_311,CA_1,HOUSEHOLD,LOW,0,0.5625,6.632,0.714,0.2857,5.94,-1.0,fallback,277,0,6.632,39.4,sales velocity and near-term demand do not indicate slow-selling risk,no markdown: slow-selling risk is low
HOBBIES_1_041_CA_4_evaluation,HOBBIES_1_041,CA_4,HOBBIES,LOW,0,0.5882,1.38,0.25,-0.3333,4.22,-0.874,historical_association,257,0,1.38,5.83,"sales are declining, but velocity remains healthy relative to category/store peers",no markdown: slow-selling risk is low
HOBBIES_1_328_CA_1_evaluation,HOBBIES_1_328,CA_1,HOBBIES,LOW,0,0.5882,4.72,0.643,-0.0833,6.72,-3.0,historical_association,278,0,4.72,31.72,sales velocity and near-term demand do not indicate slow-selling risk,no markdown: slow-selling risk is low
FOODS_3_806_WI_2_evaluation,FOODS_3_806,WI_2,FOODS,LOW,0,0.5882,9.469,1.607,-0.0789,2.56,-1.0,fallback,159,0,9.469,24.24,sales velocity and near-term demand do not indicate slow-selling risk,no markdown: slow-selling risk is low
HOBBIES_1_385_TX_3_evaluation,HOBBIES_1_385,TX_3,HOBBIES,LOW,0,0.5882,3.591,0.393,-0.05,9.97,-1.0,fallback,117,0,3.591,35.8,sales velocity and near-term demand do not indicate slow-selling risk,no markdown: slow-selling risk is low
HOBBIES_1_213_CA_3_evaluation,HOBBIES_1_213,CA_3,HOBBIES,LOW,0,0.5882,4.047,0.607,-0.0435,8.38,-1.0,fallback,278,0,4.047,33.91,sales velocity and near-term demand do not indicate slow-selling risk,no markdown: slow-selling risk is low
FOODS_2_146_WI_1_evaluation,FOODS_2_146,WI_1,FOODS,LOW,0,0.5882,11.144,1.536,-0.0278,2.0,-3.0,historical_association,186,0,11.144,22.29,sales velocity and near-term demand do not indicate slow-selling risk,no markdown: slow-selling risk is low
FOODS_3_105_TX_2_evaluation,FOODS_3_105,TX_2,FOODS,LOW,0,0.5882,6.262,0.929,0.0,2.88,-1.0,fallback,125,0,6.262,18.03,sales velocity and near-term demand do not indicate slow-selling risk,no markdown: slow-selling risk is low
HOBBIES_1_144_WI_1_evaluation,HOBBIES_1_144,WI_1,HOBBIES,LOW,0,0.5882,3.296,0.393,0.0526,11.28,-3.0,historical_association,278,0,3.296,37.17,sales velocity and near-term demand do not indicate slow-selling risk,no markdown: slow-selling risk is low
FOODS_3_089_CA_4_evaluation,FOODS_3_089,CA_4,FOODS,LOW,0,0.5882,5.982,0.786,0.0833,1.0,-1.0,fallback,278,0,5.982,5.98,sales velocity and near-term demand do not indicate slow-selling risk,no markdown: slow-selling risk is low
FOODS_3_721_CA_3_evaluation,FOODS_3_721,CA_3,FOODS,LOW,0,0.5882,11.941,1.429,0.125,1.98,-1.0,fallback,278,0,11.941,23.64,sales velocity and near-term demand do not indicate slow-selling risk,no markdown: slow-selling risk is low
HOBBIES_1_042_WI_1_evaluation,HOBBIES_1_042,WI_1,HOBBIES,LOW,0,0.5882,2.957,0.393,0.1667,7.83,-1.0,fallback,228,0,2.957,23.15,sales velocity and near-term demand do not indicate slow-selling risk,no markdown: slow-selling risk is low
HOBBIES_1_145_WI_1_evaluation,HOBBIES_1_145,WI_1,HOBBIES,LOW,0,0.5882,3.732,0.393,0.1667,1.28,-1.0,fallback,221,0,3.732,4.78,sales velocity and near-term demand do not indicate slow-selling risk,no markdown: slow-selling risk is low
FOODS_3_663_WI_3_evaluation,FOODS_3_663,WI_3,FOODS,LOW,0,0.5882,5.864,0.893,0.3043,1.74,-1.0,fallback,278,0,5.864,10.2,sales velocity and near-term demand do not indicate slow-selling risk,no markdown: slow-selling risk is low
HOBBIES_2_071_TX_2_evaluation,HOBBIES_2_071,TX_2,HOBBIES,LOW,0,0.5882,5.509,0.536,0.3889,0.97,-1.0,fallback,149,0,5.509,5.34,sales velocity and near-term demand do not indicate slow-selling risk,no markdown: slow-selling risk is low
HOBBIES_1_399_WI_3_evaluation,HOBBIES_1_399,WI_3,HOBBIES,LOW,0,0.5882,3.721,0.286,0.5714,1.97,-1.0,fallback,271,0,3.721,7.33,sales velocity and near-term demand do not indicate slow-selling risk,no markdown: slow-selling risk is low
FOODS_1_127_CA_2_evaluation,FOODS_1_127,CA_2,FOODS,LOW,0,0.5882,16.292,1.429,0.72,2.12,-0.497,historical_association,278,0,16.292,34.54,sales velocity and near-term demand do not indicate slow-selling risk,no markdown: slow-selling risk is low
HOUSEHOLD_1_022_WI_1_evaluation,HOUSEHOLD_1_022,WI_1,HOUSEHOLD,LOW,0,0.5938,4.291,0.571,0.0952,4.84,-1.0,fallback,124,0,4.291,20.77,sales velocity and near-term demand do not indicate slow-selling risk,no markdown: slow-selling risk is low
HOUSEHOLD_1_189_WI_1_evaluation,HOUSEHOLD_1_189,WI_1,HOUSEHOLD,LOW,0,0.5938,6.314,0.571,0.4444,5.88,-1.0,fallback,273,0,6.314,37.13,sales velocity and near-term demand do not indicate slow-selling risk,no markdown: slow-selling risk is low
HOBBIES_1_220_CA_2_evaluation,HOBBIES_1_220,CA_2,HOBBIES,LOW,0,0.6176,3.618,0.571,-0.24,2.92,-2.01,historical_association,278,0,3.618,10.56,"sales are declining, but velocity remains healthy relative to category/store peers",no markdown: slow-selling risk is low
FOODS_1_010_TX_3_evaluation,FOODS_1_010,TX_3,FOODS,LOW,0,0.6176,3.641,0.821,-0.1786,6.27,-1.0,fallback,265,0,3.641,22.83,sales velocity and near-term demand do not indicate slow-selling risk,no markdown: slow-selling risk is low
HOBBIES_1_184_WI_2_evaluation,HOBBIES_1_184,WI_2,HOBBIES,LOW,0,0.6176,2.311,0.286,0.0,12.68,-1.503,historical_association,246,0,2.311,29.3,sales velocity and near-term demand do not indicate slow-selling risk,no markdown: slow-selling risk is low
HOBBIES_1_329_WI_2_evaluation,HOBBIES_1_329,WI_2,HOBBIES,LOW,0,0.6176,3.323,0.286,0.0,3.97,-1.0,fallback,278,0,3.323,13.19,sales velocity and near-term demand do not indicate slow-selling risk,no markdown: slow-selling risk is low
FOODS_2_224_TX_3_evaluation,FOODS_2_224,TX_3,FOODS,LOW,0,0.6176,5.841,0.821,0.04,5.76,-1.0,fallback,266,0,5.841,33.64,sales velocity and near-term demand do not indicate slow-selling risk,no markdown: slow-selling risk is low
HOBBIES_1_068_CA_2_evaluation,HOBBIES_1_068,CA_2,HOBBIES,LOW,0,0.6176,4.689,0.571,0.0952,7.0,-1.0,fallback,278,0,4.689,32.82,sales velocity and near-term demand do not indicate slow-selling risk,no markdown: slow-selling risk is low
FOODS_1_209_CA_1_evaluation,FOODS_1_209,CA_1,FOODS,LOW,0,0.6176,8.075,1.214,0.1379,2.24,-1.791,historical_association,278,0,8.075,18.09,sales velocity and near-term demand do not indicate slow-selling risk,no markdown: slow-selling risk is low
FOODS_2_320_CA_1_evaluation,FOODS_2_320,CA_1,FOODS,LOW,0,0.6176,8.776,1.214,0.1379,1.86,-1.0,fallback,149,0,8.776,16.32,sales velocity and near-term demand do not indicate slow-selling risk,no markdown: slow-selling risk is low
HOUSEHOLD_1_274_WI_2_evaluation,HOUSEHOLD_1_274,WI_2,HOUSEHOLD,LOW,0,0.625,3.004,0.464,-0.2174,4.94,-1.0,fallback,75,0,3.004,14.84,"sales are declining, but velocity remains healthy relative to category/store peers",no markdown: slow-selling risk is low
HOUSEHOLD_2_388_TX_2_evaluation,HOUSEHOLD_2_388,TX_2,HOUSEHOLD,LOW,0,0.625,4.689,0.571,-0.1667,6.94,-1.0,fallback,278,0,4.689,32.54,sales velocity and near-term demand do not indicate slow-selling risk,no markdown: slow-selling risk is low
HOUSEHOLD_2_376_CA_1_evaluation,HOUSEHOLD_2_376,CA_1,HOUSEHOLD,LOW,0,0.625,4.91,0.786,-0.1481,3.82,-1.0,fallback,278,0,4.91,18.76,sales velocity and near-term demand do not indicate slow-selling risk,no markdown: slow-selling risk is low
HOUSEHOLD_2_335_TX_3_evaluation,HOUSEHOLD_2_335,TX_3,HOUSEHOLD,LOW,0,0.625,2.208,0.536,-0.1304,6.24,-1.0,fallback,85,0,2.208,13.78,sales velocity and near-term demand do not indicate slow-selling risk,no markdown: slow-selling risk is low
HOUSEHOLD_2_075_CA_4_evaluation,HOUSEHOLD_2_075,CA_4,HOUSEHOLD,LOW,0,0.625,3.477,0.536,-0.1304,1.84,-1.0,fallback,276,0,3.477,6.4,sales velocity and near-term demand do not indicate slow-selling risk,no markdown: slow-selling risk is low
HOUSEHOLD_1_509_CA_3_evaluation,HOUSEHOLD_1_509,CA_3,HOUSEHOLD,LOW,0,0.625,7.956,1.0,0.0741,3.17,-1.0,fallback,120,0,7.956,25.22,sales velocity and near-term demand do not indicate slow-selling risk,no markdown: slow-selling risk is low
HOUSEHOLD_1_195_WI_3_evaluation,HOUSEHOLD_1_195,WI_3,HOUSEHOLD,LOW,0,0.625,3.811,0.5,0.1,3.88,-1.0,fallback,196,0,3.811,14.79,sales velocity and near-term demand do not indicate slow-selling risk,no markdown: slow-selling risk is low
HOUSEHOLD_2_286_CA_2_evaluation,HOUSEHOLD_2_286,CA_2,HOUSEHOLD,LOW,0,0.625,8.93,1.0,0.1538,2.14,-1.0,fallback,97,0,8.93,19.11,sales velocity and near-term demand do not indicate slow-selling risk,no markdown: slow-selling risk is low
FOODS_2_275_TX_2_evaluation,FOODS_2_275,TX_2,FOODS,LOW,0,0.6471,9.392,1.357,-0.2632,2.0,-3.0,historical_association,278,0,9.392,18.78,"sales are declining, but velocity remains healthy relative to category/store peers",no markdown: slow-selling risk is low
FOODS_3_388_CA_3_evaluation,FOODS_3_388,CA_3,FOODS,LOW,0,0.6471,9.965,1.464,-0.1842,3.98,-1.0,fallback,278,0,9.965,39.66,sales velocity and near-term demand do not indicate slow-selling risk,no markdown: slow-selling risk is low
HOBBIES_1_079_TX_3_evaluation,HOBBIES_1_079,TX_3,HOBBIES,LOW,0,0.6471,4.291,0.5,-0.1739,7.88,-1.0,fallback,278,0,4.291,33.81,sales velocity and near-term demand do not indicate slow-selling risk,no markdown: slow-selling risk is low
HOBBIES_1_379_TX_1_evaluation,HOBBIES_1_379,TX_1,HOBBIES,LOW,0,0.6471,2.918,0.393,-0.1429,2.24,-1.0,fallback,278,0,2.918,6.54,sales velocity and near-term demand do not indicate slow-selling risk,no markdown: slow-selling risk is low
FOODS_2_359_WI_1_evaluation,FOODS_2_359,WI_1,FOODS,LOW,0,0.6471,14.716,1.857,-0.0952,2.24,-1.0,fallback,214,0,14.716,32.96,sales velocity and near-term demand do not indicate slow-selling risk,no markdown: slow-selling risk is low
FOODS_1_206_CA_2_evaluation,FOODS_1_206,CA_2,FOODS,LOW,0,0.6471,10.77,1.464,-0.0286,2.23,-1.0,fallback,278,0,10.77,24.02,sales velocity and near-term demand do not indicate slow-selling risk,no markdown: slow-selling risk is low
FOODS_3_492_WI_2_evaluation,FOODS_3_492,WI_2,FOODS,LOW,0,0.6471,11.024,1.75,-0.0256,2.98,-1.0,fallback,278,0,11.024,32.85,sales velocity and near-term demand do not indicate slow-selling risk,no markdown: slow-selling risk is low
HOBBIES_1_334_WI_3_evaluation,HOBBIES_1_334,WI_3,HOBBIES,LOW,0,0.6471,3.732,0.429,0.1053,5.98,-1.0,fallback,122,0,3.732,22.32,sales velocity and near-term demand do not indicate slow-selling risk,no markdown: slow-selling risk is low
HOBBIES_1_068_CA_3_evaluation,HOBBIES_1_068,CA_3,HOBBIES,LOW,0,0.6471,5.79,0.75,0.1304,7.0,-1.0,fallback,278,0,5.79,40.53,sales velocity and near-term demand do not indicate slow-selling risk,no markdown: slow-selling risk is low
HOBBIES_1_213_CA_1_evaluation,HOBBIES_1_213,CA_1,HOBBIES,LOW,0,0.6471,5.209,0.679,0.1364,8.38,-3.0,historical_association,278,0,5.209,43.65,sales velocity and near-term demand do not indicate slow-selling risk,no markdown: slow-selling risk is low
FOODS_2_119_CA_4_evaluation,FOODS_2_119,CA_4,FOODS,LOW,0,0.6471,6.306,0.857,0.2609,2.67,-3.0,historical_association,278,0,6.306,16.84,sales velocity and near-term demand do not indicate slow-selling risk,no markdown: slow-selling risk is low
HOBBIES_1_270_CA_4_evaluation,HOBBIES_1_270,CA_4,HOBBIES,LOW,0,0.6471,4.548,0.536,0.2632,4.88,-0.936,historical_association,202,0,4.548,22.19,sales velocity and near-term demand do not indicate slow-selling risk,no markdown: slow-selling risk is low
FOODS_2_143_TX_1_evaluation,FOODS_2_143,TX_1,FOODS,LOW,0,0.6471,6.306,0.786,0.2727,3.76,-1.0,fallback,278,0,6.306,23.71,sales velocity and near-term demand do not indicate slow-selling risk,no markdown: slow-selling risk is low
HOBBIES_1_238_TX_2_evaluation,HOBBIES_1_238,TX_2,HOBBIES,LOW,0,0.6471,5.442,0.643,0.3,5.94,-1.0,fallback,278,0,5.442,32.33,sales velocity and near-term demand do not indicate slow-selling risk,no markdown: slow-selling risk is low
FOODS_2_193_WI_3_evaluation,FOODS_2_193,WI_3,FOODS,LOW,0,0.6471,8.556,1.071,0.5217,4.98,-3.0,historical_association,117,0,8.556,42.61,sales velocity and near-term demand do not indicate slow-selling risk,no markdown: slow-selling risk is low
HOUSEHOLD_1_232_TX_1_evaluation,HOUSEHOLD_1_232,TX_1,HOUSEHOLD,LOW,0,0.6562,4.536,0.679,0.0435,4.23,-1.0,fallback,219,0,4.536,19.19,sales velocity and near-term demand do not indicate slow-selling risk,no markdown: slow-selling risk is low
HOUSEHOLD_2_201_TX_1_evaluation,HOUSEHOLD_2_201,TX_1,HOUSEHOLD,LOW,0,0.6562,5.209,0.679,0.0435,6.54,-1.0,fallback,278,0,5.209,34.07,sales velocity and near-term demand do not indicate slow-selling risk,no markdown: slow-selling risk is low
HOUSEHOLD_2_344_TX_2_evaluation,HOUSEHOLD_2_344,TX_2,HOUSEHOLD,LOW,0,0.6875,5.982,0.821,-0.1786,5.74,-1.0,fallback,157,0,5.982,34.33,sales velocity and near-term demand do not indicate slow-selling risk,no markdown: slow-selling risk is low
HOUSEHOLD_1_374_WI_1_evaluation,HOUSEHOLD_1_374,WI_1,HOUSEHOLD,LOW,0,0.6875,3.652,0.607,-0.125,3.97,-1.0,fallback,278,0,3.652,14.5,sales velocity and near-term demand do not indicate slow-selling risk,no markdown: slow-selling risk is low
HOUSEHOLD_1_288_WI_3_evaluation,HOUSEHOLD_1_288,WI_3,HOUSEHOLD,LOW,0,0.6875,5.607,0.679,-0.0417,7.93,-1.0,fallback,224,0,5.607,44.46,sales velocity and near-term demand do not indicate slow-selling risk,no markdown: slow-selling risk is low
HOUSEHOLD_2_484_CA_4_evaluation,HOUSEHOLD_2_484,CA_4,HOUSEHOLD,LOW,0,0.6875,3.618,0.571,0.0,6.97,-1.0,fallback,227,0,3.618,25.22,sales velocity and near-term demand do not indicate slow-selling risk,no markdown: slow-selling risk is low
HOUSEHOLD_2_298_CA_3_evaluation,HOUSEHOLD_2_298,CA_3,HOUSEHOLD,LOW,0,0.6875,7.255,1.143,0.0,3.42,-3.0,historical_association,185,0,7.255,24.81,sales velocity and near-term demand do not indicate slow-selling risk,no markdown: slow-selling risk is low
HOUSEHOLD_1_313_TX_3_evaluation,HOUSEHOLD_1_313,TX_3,HOUSEHOLD,LOW,0,0.6875,7.956,1.071,0.1481,3.97,-3.0,historical_association,278,0,7.956,31.58,sales velocity and near-term demand do not indicate slow-selling risk,no markdown: slow-selling risk is low
HOUSEHOLD_2_410_CA_2_evaluation,HOUSEHOLD_2_410,CA_2,HOUSEHOLD,LOW,0,0.6875,8.93,1.071,0.2308,1.38,-1.0,fallback,278,0,8.93,12.32,sales velocity and near-term demand do not indicate slow-selling risk,no markdown: slow-selling risk is low
HOUSEHOLD_1_142_WI_2_evaluation,HOUSEHOLD_1_142,WI_2,HOUSEHOLD,LOW,0,0.6875,6.306,0.786,0.2727,5.96,-1.0,fallback,195,0,6.306,37.58,sales velocity and near-term demand do not indicate slow-selling risk,no markdown: slow-selling risk is low
HOBBIES_2_026_CA_3_evaluation,HOBBIES_2_026,CA_3,HOBBIES,LOW,0,0.7059,7.213,0.929,-0.4118,0.23,-1.0,fallback,80,0,7.213,1.66,"sales are declining, but velocity remains healthy relative to category/store peers",no markdown: slow-selling risk is low
FOODS_3_508_CA_3_evaluation,FOODS_3_508,CA_3,FOODS,LOW,0,0.7059,10.77,1.536,-0.3864,1.0,-1.0,fallback,278,0,10.77,10.77,"sales are declining, but velocity remains healthy relative to category/store peers",no markdown: slow-selling risk is low
FOODS_3_678_CA_4_evaluation,FOODS_3_678,CA_4,FOODS,LOW,0,0.7059,7.255,1.143,-0.2857,4.98,-1.0,fallback,252,0,7.255,36.13,"sales are declining, but velocity remains healthy relative to category/store peers",no markdown: slow-selling risk is low
HOBBIES_1_334_CA_1_evaluation,HOBBIES_1_334,CA_1,HOBBIES,LOW,0,0.7059,4.914,0.714,-0.1538,5.98,-1.0,fallback,124,0,4.914,29.38,sales velocity and near-term demand do not indicate slow-selling risk,no markdown: slow-selling risk is low
FOODS_2_357_CA_2_evaluation,FOODS_2_357,CA_2,FOODS,LOW,0,0.7059,13.585,1.857,-0.1395,2.0,-1.0,fallback,53,0,13.585,27.17,sales velocity and near-term demand do not indicate slow-selling risk,no markdown: slow-selling risk is low
HOBBIES_1_005_WI_3_evaluation,HOBBIES_1_005,WI_3,HOBBIES,LOW,0,0.7059,4.291,0.5,-0.0909,2.88,-3.0,historical_association,264,0,4.291,12.36,sales velocity and near-term demand do not indicate slow-selling risk,no markdown: slow-selling risk is low
HOBBIES_1_172_WI_1_evaluation,HOBBIES_1_172,WI_1,HOBBIES,LOW,0,0.7059,3.996,0.5,-0.0909,2.98,-0.2,historical_association,278,0,3.996,11.91,sales velocity and near-term demand do not indicate slow-selling risk,no markdown: slow-selling risk is low
FOODS_1_006_WI_3_evaluation,FOODS_1_006,WI_3,FOODS,LOW,0,0.7059,10.067,1.393,-0.0857,2.48,-2.457,historical_association,278,0,10.067,24.97,sales velocity and near-term demand do not indicate slow-selling risk,no markdown: slow-selling risk is low
FOODS_3_310_TX_1_evaluation,FOODS_3_310,TX_1,FOODS,LOW,0,0.7059,6.306,0.857,0.0,1.0,-1.0,fallback,248,0,6.306,6.31,sales velocity and near-term demand do not indicate slow-selling risk,no markdown: slow-selling risk is low
FOODS_1_201_CA_1_evaluation,FOODS_1_201,CA_1,FOODS,LOW,0,0.7059,13.981,2.464,0.0208,2.24,-3.0,historical_association,278,0,13.981,31.32,sales velocity and near-term demand do not indicate slow-selling risk,no markdown: slow-selling risk is low
HOBBIES_1_078_TX_2_evaluation,HOBBIES_1_078,TX_2,HOBBIES,LOW,0,0.7059,5.79,0.679,0.0435,12.78,-1.0,fallback,278,0,5.79,74.0,sales velocity and near-term demand do not indicate slow-selling risk,no markdown: slow-selling risk is low
HOBBIES_1_156_WI_2_evaluation,HOBBIES_1_156,WI_2,HOBBIES,LOW,0,0.7059,2.86,0.321,0.0556,1.77,-1.0,fallback,114,0,2.86,5.06,sales velocity and near-term demand do not indicate slow-selling risk,no markdown: slow-selling risk is low
FOODS_1_097_WI_1_evaluation,FOODS_1_097,WI_1,FOODS,LOW,0,0.7059,16.059,1.964,0.075,0.98,-1.0,fallback,203,0,16.059,15.74,sales velocity and near-term demand do not indicate slow-selling risk,no markdown: slow-selling risk is low
HOBBIES_1_104_CA_2_evaluation,HOBBIES_1_104,CA_2,HOBBIES,LOW,0,0.7059,5.931,0.714,0.087,23.98,-1.0,fallback,114,0,5.931,142.24,sales velocity and near-term demand do not indicate slow-selling risk,no markdown: slow-selling risk is low
FOODS_3_825_TX_3_evaluation,FOODS_3_825,TX_3,FOODS,LOW,0,0.7059,8.556,1.143,0.1429,3.98,-3.0,historical_association,278,0,8.556,34.05,sales velocity and near-term demand do not indicate slow-selling risk,no markdown: slow-selling risk is low
HOBBIES_1_384_CA_4_evaluation,HOBBIES_1_384,CA_4,HOBBIES,LOW,0,0.7059,4.425,0.607,0.1429,9.98,-1.0,fallback,199,0,4.425,44.16,sales velocity and near-term demand do not indicate slow-selling risk,no markdown: slow-selling risk is low
FOODS_2_197_WI_2_evaluation,FOODS_2_197,WI_2,FOODS,LOW,0,0.7059,18.743,2.5,0.1778,3.42,-0.66,historical_association,278,0,18.743,64.1,sales velocity and near-term demand do not indicate slow-selling risk,no markdown: slow-selling risk is low
HOBBIES_1_036_TX_3_evaluation,HOBBIES_1_036,TX_3,HOBBIES,LOW,0,0.7059,5.442,0.643,0.1905,1.12,-1.644,historical_association,278,0,5.442,6.1,sales velocity and near-term demand do not indicate slow-selling risk,no markdown: slow-selling risk is low
HOBBIES_1_339_TX_1_evaluation,HOBBIES_1_339,TX_1,HOBBIES,LOW,0,0.7059,4.454,0.429,0.2222,7.98,-1.0,fallback,122,0,4.454,35.54,sales velocity and near-term demand do not indicate slow-selling risk,no markdown: slow-selling risk is low
FOODS_3_239_TX_2_evaluation,FOODS_3_239,TX_2,FOODS,LOW,0,0.7059,11.673,1.679,0.3438,1.98,-1.0,fallback,272,0,11.673,23.11,sales velocity and near-term demand do not indicate slow-selling risk,no markdown: slow-selling risk is low
HOUSEHOLD_1_345_CA_1_evaluation,HOUSEHOLD_1_345,CA_1,HOUSEHOLD,LOW,0,0.7188,4.016,0.821,-0.3548,4.22,-3.0,historical_association,278,0,4.016,16.95,"sales are declining, but velocity remains healthy relative to category/store peers",no markdown: slow-selling risk is low
HOUSEHOLD_2_438_CA_1_evaluation,HOUSEHOLD_2_438,CA_1,HOUSEHOLD,LOW,0,0.7188,6.306,0.821,-0.2414,8.87,-1.0,fallback,278,0,6.306,55.93,"sales are declining, but velocity remains healthy relative to category/store peers",no markdown: slow-selling risk is low
HOUSEHOLD_1_370_CA_4_evaluation,HOUSEHOLD_1_370,CA_4,HOUSEHOLD,LOW,0,0.75,4.536,0.714,-0.08,7.27,-3.0,historical_association,278,0,4.536,32.98,sales velocity and near-term demand do not indicate slow-selling risk,no markdown: slow-selling risk is low
HOUSEHOLD_1_354_WI_1_evaluation,HOUSEHOLD_1_354,WI_1,HOUSEHOLD,LOW,0,0.75,6.661,0.821,-0.0385,1.93,-1.0,fallback,278,0,6.661,12.85,sales velocity and near-term demand do not indicate slow-selling risk,no markdown: slow-selling risk is low
HOUSEHOLD_1_210_TX_1_evaluation,HOUSEHOLD_1_210,TX_1,HOUSEHOLD,LOW,0,0.75,5.209,0.714,0.0,4.57,-1.0,fallback,276,0,5.209,23.81,sales velocity and near-term demand do not indicate slow-selling risk,no markdown: slow-selling risk is low
HOUSEHOLD_1_081_WI_3_evaluation,HOUSEHOLD_1_081,WI_3,HOUSEHOLD,LOW,0,0.75,7.007,0.821,0.04,7.98,-3.0,historical_association,187,0,7.007,55.91,sales velocity and near-term demand do not indicate slow-selling risk,no markdown: slow-selling risk is low
HOUSEHOLD_1_179_CA_2_evaluation,HOUSEHOLD_1_179,CA_2,HOUSEHOLD,LOW,0,0.75,11.966,1.536,0.0882,0.98,-3.0,historical_association,278,0,11.966,11.73,sales velocity and near-term demand do not indicate slow-selling risk,no markdown: slow-selling risk is low
HOUSEHOLD_1_467_CA_3_evaluation,HOUSEHOLD_1_467,CA_3,HOUSEHOLD,LOW,0,0.75,10.067,1.321,0.2414,11.98,-1.0,fallback,119,0,10.067,120.6,sales velocity and near-term demand do not indicate slow-selling risk,no markdown: slow-selling risk is low
HOUSEHOLD_1_113_TX_2_evaluation,HOUSEHOLD_1_113,TX_2,HOUSEHOLD,LOW,0,0.75,10.067,1.393,0.3103,5.74,-2.991,historical_association,184,0,10.067,57.78,sales velocity and near-term demand do not indicate slow-selling risk,no markdown: slow-selling risk is low
HOUSEHOLD_1_331_WI_2_evaluation,HOUSEHOLD_1_331,WI_2,HOUSEHOLD,LOW,0,0.75,7.287,0.893,0.4091,4.88,-1.0,fallback,278,0,7.287,35.56,sales velocity and near-term demand do not indicate slow-selling risk,no markdown: slow-selling risk is low
HOUSEHOLD_1_350_TX_3_evaluation,HOUSEHOLD_1_350,TX_3,HOUSEHOLD,LOW,0,0.75,9.752,1.107,0.6818,2.74,-1.0,fallback,278,0,9.752,26.72,sales velocity and near-term demand do not indicate slow-selling risk,no markdown: slow-selling risk is low
FOODS_2_221_CA_1_evaluation,FOODS_2_221,CA_1,FOODS,LOW,0,0.7647,16.171,2.607,-0.2881,1.0,-3.0,historical_association,278,0,16.171,16.17,"sales are declining, but velocity remains healthy relative to category/store peers",no markdown: slow-selling risk is low
HOBBIES_1_083_CA_4_evaluation,HOBBIES_1_083,CA_4,HOBBIES,LOW,0,0.7647,5.443,0.821,-0.2414,15.92,-1.0,fallback,150,0,5.443,86.65,"sales are declining, but velocity remains healthy relative to category/store peers",no markdown: slow-selling risk is low
FOODS_1_163_WI_3_evaluation,FOODS_1_163,WI_3,FOODS,LOW,0,0.7647,14.159,2.286,-0.16,0.98,-1.0,fallback,106,0,14.159,13.88,sales velocity and near-term demand do not indicate slow-selling risk,no markdown: slow-selling risk is low
HOBBIES_2_075_TX_2_evaluation,HOBBIES_2_075,TX_2,HOBBIES,LOW,0,0.7647,6.306,0.857,-0.1429,2.88,-1.0,fallback,275,0,6.306,18.16,sales velocity and near-term demand do not indicate slow-selling risk,no markdown: slow-selling risk is low
HOBBIES_1_338_TX_1_evaluation,HOBBIES_1_338,TX_1,HOBBIES,LOW,0,0.7647,4.047,0.607,-0.0435,8.98,-0.897,historical_association,278,0,4.047,36.34,sales velocity and near-term demand do not indicate slow-selling risk,no markdown: slow-selling risk is low
HOBBIES_1_332_CA_3_evaluation,HOBBIES_1_332,CA_3,HOBBIES,LOW,0,0.7647,8.556,1.107,-0.0333,7.88,-1.0,fallback,203,0,8.556,67.42,sales velocity and near-term demand do not indicate slow-selling risk,no markdown: slow-selling risk is low
FOODS_3_485_CA_3_evaluation,FOODS_3_485,CA_3,FOODS,LOW,0,0.7647,17.104,2.321,-0.0213,3.56,-1.0,fallback,278,0,17.104,60.89,sales velocity and near-term demand do not indicate slow-selling risk,no markdown: slow-selling risk is low
HOBBIES_1_095_WI_2_evaluation,HOBBIES_1_095,WI_2,HOBBIES,LOW,0,0.7647,4.689,0.571,0.0,7.68,-1.0,fallback,220,0,4.689,36.01,sales velocity and near-term demand do not indicate slow-selling risk,no markdown: slow-selling risk is low
HOBBIES_1_349_WI_3_evaluation,HOBBIES_1_349,WI_3,HOBBIES,LOW,0,0.7647,4.977,0.607,0.0455,9.98,-1.0,fallback,199,0,4.977,49.67,sales velocity and near-term demand do not indicate slow-selling risk,no markdown: slow-selling risk is low
FOODS_3_283_CA_2_evaluation,FOODS_3_283,CA_2,FOODS,LOW,0,0.7647,19.206,2.357,0.0889,2.98,-2.468,historical_association,265,0,19.206,57.23,sales velocity and near-term demand do not indicate slow-selling risk,no markdown: slow-selling risk is low
HOBBIES_1_398_TX_3_evaluation,HOBBIES_1_398,TX_3,HOBBIES,LOW,0,0.7647,5.584,0.821,0.125,0.57,-3.0,historical_association,278,0,5.584,3.18,sales velocity and near-term demand do not indicate slow-selling risk,no markdown: slow-selling risk is low
FOODS_1_113_TX_1_evaluation,FOODS_1_113,TX_1,FOODS,LOW,0,0.7647,13.934,1.821,0.1351,0.94,-1.0,fallback,220,0,13.934,13.1,sales velocity and near-term demand do not indicate slow-selling risk,no markdown: slow-selling risk is low
FOODS_2_194_WI_1_evaluation,FOODS_2_194,WI_1,FOODS,LOW,0,0.7647,15.273,2.179,0.1707,6.72,-1.0,fallback,188,0,15.273,102.64,sales velocity and near-term demand do not indicate slow-selling risk,no markdown: slow-selling risk is low
FOODS_3_489_CA_4_evaluation,FOODS_3_489,CA_4,FOODS,LOW,0,0.7647,8.776,1.25,0.3333,1.98,-1.0,fallback,115,0,8.776,17.38,sales velocity and near-term demand do not indicate slow-selling risk,no markdown: slow-selling risk is low
HOBBIES_1_167_WI_1_evaluation,HOBBIES_1_167,WI_1,HOBBIES,LOW,0,0.7647,6.427,0.714,0.5263,0.68,-1.0,fallback,184,0,6.427,4.37,sales velocity and near-term demand do not indicate slow-selling risk,no markdown: slow-selling risk is low
FOODS_3_569_TX_2_evaluation,FOODS_3_569,TX_2,FOODS,LOW,0,0.7647,14.717,1.714,0.5333,3.98,-2.107,historical_association,278,0,14.717,58.57,sales velocity and near-term demand do not indicate slow-selling risk,no markdown: slow-selling risk is low
HOBBIES_1_204_CA_2_evaluation,HOBBIES_1_204,CA_2,HOBBIES,LOW,0,0.7647,8.803,0.857,1.0588,9.72,-1.0,fallback,78,0,8.803,85.56,sales velocity and near-term demand do not indicate slow-selling risk,no markdown: slow-selling risk is low
FOODS_3_706_TX_3_evaluation,FOODS_3_706,TX_3,FOODS,LOW,0,0.7647,20.32,2.25,1.1379,1.98,-1.0,fallback,143,0,20.32,40.23,sales velocity and near-term demand do not indicate slow-selling risk,no markdown: slow-selling risk is low
FOODS_2_048_WI_2_evaluation,FOODS_2_048,WI_2,FOODS,LOW,0,0.7647,18.514,2.607,1.4828,7.97,-1.0,fallback,173,0,18.514,147.56,sales velocity and near-term demand do not indicate slow-selling risk,no markdown: slow-selling risk is low
HOBBIES_1_258_CA_1_evaluation,HOBBIES_1_258,CA_1,HOBBIES,LOW,0,0.7941,8.776,1.214,0.2143,11.78,-3.0,historical_association,277,0,8.776,103.38,sales velocity and near-term demand do not indicate slow-selling risk,no markdown: slow-selling risk is low
HOBBIES_2_120_CA_1_evaluation,HOBBIES_2_120,CA_1,HOBBIES,LOW,0,0.7941,9.15,1.214,0.3846,2.47,-1.0,fallback,278,0,9.15,22.6,sales velocity and near-term demand do not indicate slow-selling risk,no markdown: slow-selling risk is low
HOUSEHOLD_2_389_WI_2_evaluation,HOUSEHOLD_2_389,WI_2,HOUSEHOLD,LOW,0,0.8125,10.067,1.429,-0.3,1.97,-1.0,fallback,96,0,10.067,19.83,"sales are declining, but velocity remains healthy relative to category/store peers",no markdown: slow-selling risk is low
HOUSEHOLD_1_529_CA_2_evaluation,HOUSEHOLD_1_529,CA_2,HOUSEHOLD,LOW,0,0.8125,11.047,1.679,-0.125,2.97,-1.0,fallback,162,0,11.047,32.81,sales velocity and near-term demand do not indicate slow-selling risk,no markdown: slow-selling risk is low
HOUSEHOLD_1_075_CA_3_evaluation,HOUSEHOLD_1_075,CA_3,HOUSEHOLD,LOW,0,0.8125,14.785,2.214,-0.0851,2.73,-1.0,fallback,272,0,14.785,40.36,sales velocity and near-term demand do not indicate slow-selling risk,no markdown: slow-selling risk is low
HOUSEHOLD_1_411_WI_3_evaluation,HOUSEHOLD_1_411,WI_3,HOUSEHOLD,LOW,0,0.8125,7.255,0.964,0.037,3.28,-3.0,historical_association,269,0,7.255,23.8,sales velocity and near-term demand do not indicate slow-selling risk,no markdown: slow-selling risk is low
HOUSEHOLD_1_032_TX_3_evaluation,HOUSEHOLD_1_032,TX_3,HOUSEHOLD,LOW,0,0.8125,8.571,1.25,0.1,9.98,-1.0,fallback,223,0,8.571,85.53,sales velocity and near-term demand do not indicate slow-selling risk,no markdown: slow-selling risk is low
HOUSEHOLD_2_248_WI_1_evaluation,HOUSEHOLD_2_248,WI_1,HOUSEHOLD,LOW,0,0.8125,7.956,0.964,0.1154,8.97,-1.0,fallback,89,0,7.956,71.36,sales velocity and near-term demand do not indicate slow-selling risk,no markdown: slow-selling risk is low
HOUSEHOLD_1_336_TX_2_evaluation,HOUSEHOLD_1_336,TX_2,HOUSEHOLD,LOW,0,0.8125,10.393,1.429,0.125,4.87,-1.0,fallback,242,0,10.393,50.61,sales velocity and near-term demand do not indicate slow-selling risk,no markdown: slow-selling risk is low
HOUSEHOLD_2_140_CA_1_evaluation,HOUSEHOLD_2_140,CA_1,HOUSEHOLD,LOW,0,0.8125,9.376,1.286,0.1333,6.97,-1.0,fallback,278,0,9.376,65.35,sales velocity and near-term demand do not indicate slow-selling risk,no markdown: slow-selling risk is low
HOUSEHOLD_1_343_TX_1_evaluation,HOUSEHOLD_1_343,TX_1,HOUSEHOLD,LOW,0,0.8125,9.75,1.214,0.1379,5.27,-1.0,fallback,278,0,9.75,51.38,sales velocity and near-term demand do not indicate slow-selling risk,no markdown: slow-selling risk is low
HOUSEHOLD_1_529_CA_4_evaluation,HOUSEHOLD_1_529,CA_4,HOUSEHOLD,LOW,0,0.8125,7.981,0.786,1.125,2.97,-1.0,fallback,162,0,7.981,23.7,sales velocity and near-term demand do not indicate slow-selling risk,no markdown: slow-selling risk is low
HOBBIES_1_277_CA_4_evaluation,HOBBIES_1_277,CA_4,HOBBIES,LOW,0,0.8235,5.914,0.857,-0.375,1.77,-1.0,fallback,278,0,5.914,10.47,"sales are declining, but velocity remains healthy relative to category/store peers",no markdown: slow-selling risk is low
HOBBIES_1_358_TX_1_evaluation,HOBBIES_1_358,TX_1,HOBBIES,LOW,0,0.8235,4.047,0.643,-0.2963,2.74,-3.0,historical_association,143,0,4.047,11.09,"sales are declining, but velocity remains healthy relative to category/store peers",no markdown: slow-selling risk is low
HOBBIES_1_148_TX_2_evaluation,HOBBIES_1_148,TX_2,HOBBIES,LOW,0,0.8235,6.533,1.036,-0.2727,4.88,-1.0,fallback,164,0,6.533,31.88,"sales are declining, but velocity remains healthy relative to category/store peers",no markdown: slow-selling risk is low
FOODS_1_172_TX_1_evaluation,FOODS_1_172,TX_1,FOODS,LOW,0,0.8235,12.389,2.0,-0.1739,1.98,-1.0,fallback,278,0,12.389,24.53,sales velocity and near-term demand do not indicate slow-selling risk,no markdown: slow-selling risk is low
HOBBIES_1_017_CA_3_evaluation,HOBBIES_1_017,CA_3,HOBBIES,LOW,0,0.8235,10.067,1.429,-0.1111,1.98,-1.0,fallback,248,0,10.067,19.93,sales velocity and near-term demand do not indicate slow-selling risk,no markdown: slow-selling risk is low
FOODS_3_534_CA_3_evaluation,FOODS_3_534,CA_3,FOODS,LOW,0,0.8235,40.858,5.464,-0.0745,4.88,-0.768,historical_association,278,0,40.858,199.39,sales velocity and near-term demand do not indicate slow-selling risk,no markdown: slow-selling risk is low
FOODS_3_565_TX_3_evaluation,FOODS_3_565,TX_3,FOODS,LOW,0,0.8235,20.673,2.679,-0.0566,2.5,-3.0,historical_association,278,0,20.673,51.68,sales velocity and near-term demand do not indicate slow-selling risk,no markdown: slow-selling risk is low
HOBBIES_1_343_TX_3_evaluation,HOBBIES_1_343,TX_3,HOBBIES,LOW,0,0.8235,8.556,1.179,-0.0323,5.32,-1.0,fallback,278,0,8.556,45.52,sales velocity and near-term demand do not indicate slow-selling risk,no markdown: slow-selling risk is low
FOODS_1_113_CA_1_evaluation,FOODS_1_113,CA_1,FOODS,LOW,0,0.8235,18.226,3.25,0.0517,0.98,-1.0,fallback,220,0,18.226,17.86,sales velocity and near-term demand do not indicate slow-selling risk,no markdown: slow-selling risk is low
FOODS_3_473_WI_2_evaluation,FOODS_3_473,WI_2,FOODS,LOW,0,0.8235,23.29,3.036,0.0545,4.18,-1.667,historical_association,213,0,23.29,97.35,sales velocity and near-term demand do not indicate slow-selling risk,no markdown: slow-selling risk is low
FOODS_3_651_CA_4_evaluation,FOODS_3_651,CA_4,FOODS,LOW,0,0.8235,8.571,1.286,0.0645,5.22,-1.0,fallback,278,0,8.571,44.74,sales velocity and near-term demand do not indicate slow-selling risk,no markdown: slow-selling risk is low
FOODS_3_718_WI_1_evaluation,FOODS_3_718,WI_1,FOODS,LOW,0,0.8235,15.916,2.321,0.0667,1.48,-1.0,fallback,278,0,15.916,23.56,sales velocity and near-term demand do not indicate slow-selling risk,no markdown: slow-selling risk is low
HOBBIES_1_275_WI_3_evaluation,HOBBIES_1_275,WI_3,HOBBIES,LOW,0,0.8235,5.931,0.714,0.087,12.88,-1.0,fallback,204,0,5.931,76.4,sales velocity and near-term demand do not indicate slow-selling risk,no markdown: slow-selling risk is low
FOODS_3_259_TX_2_evaluation,FOODS_3_259,TX_2,FOODS,LOW,0,0.8235,13.959,2.036,0.125,1.78,-3.0,historical_association,234,0,13.959,24.85,sales velocity and near-term demand do not indicate slow-selling risk,no markdown: slow-selling risk is low
HOBBIES_1_337_WI_1_evaluation,HOBBIES_1_337,WI_1,HOBBIES,LOW,0,0.8235,4.516,0.75,0.1304,3.67,-1.0,fallback,278,0,4.516,16.57,sales velocity and near-term demand do not indicate slow-selling risk,no markdown: slow-selling risk is low
FOODS_3_322_WI_3_evaluation,FOODS_3_322,WI_3,FOODS,LOW,0,0.8235,17.047,2.464,0.2045,2.56,-1.0,fallback,180,0,17.047,43.64,sales velocity and near-term demand do not indicate slow-selling risk,no markdown: slow-selling risk is low
HOBBIES_1_148_WI_2_evaluation,HOBBIES_1_148,WI_2,HOBBIES,LOW,0,0.8235,5.442,0.607,0.25,4.88,-1.0,fallback,163,0,5.442,26.56,sales velocity and near-term demand do not indicate slow-selling risk,no markdown: slow-selling risk is low
FOODS_1_061_CA_2_evaluation,FOODS_1_061,CA_2,FOODS,LOW,0,0.8235,15.916,2.464,0.2558,2.24,-3.0,historical_association,278,0,15.916,35.65,sales velocity and near-term demand do not indicate slow-selling risk,no markdown: slow-selling risk is low
HOBBIES_1_064_CA_2_evaluation,HOBBIES_1_064,CA_2,HOBBIES,LOW,0,0.8529,7.956,1.107,-0.1563,12.44,-1.0,fallback,278,0,7.956,98.97,sales velocity and near-term demand do not indicate slow-selling risk,no markdown: slow-selling risk is low
HOBBIES_1_046_CA_2_evaluation,HOBBIES_1_046,CA_2,HOBBIES,LOW,0,0.8529,8.556,1.107,0.1852,18.72,-1.0,fallback,73,0,8.556,160.16,sales velocity and near-term demand do not indicate slow-selling risk,no markdown: slow-selling risk is low
HOUSEHOLD_1_169_CA_3_evaluation,HOUSEHOLD_1_169,CA_3,HOUSEHOLD,LOW,0,0.875,21.004,3.036,-0.2615,2.94,-1.0,fallback,151,0,21.004,61.75,"sales are declining, but velocity remains healthy relative to category/store peers",no markdown: slow-selling risk is low
HOUSEHOLD_2_442_WI_1_evaluation,HOUSEHOLD_2_442,WI_1,HOUSEHOLD,LOW,0,0.875,11.144,1.5,0.0,1.48,-1.0,fallback,278,0,11.144,16.49,sales velocity and near-term demand do not indicate slow-selling risk,no markdown: slow-selling risk is low
HOUSEHOLD_1_212_CA_1_evaluation,HOUSEHOLD_1_212,CA_1,HOUSEHOLD,LOW,0,0.875,12.82,1.75,0.1389,4.47,-3.0,historical_association,257,0,12.82,57.3,sales velocity and near-term demand do not indicate slow-selling risk,no markdown: slow-selling risk is low
HOUSEHOLD_1_425_WI_2_evaluation,HOUSEHOLD_1_425,WI_2,HOUSEHOLD,LOW,0,0.875,13.357,1.679,0.1429,1.97,-1.0,fallback,278,0,13.357,26.31,sales velocity and near-term demand do not indicate slow-selling risk,no markdown: slow-selling risk is low
HOUSEHOLD_1_007_TX_3_evaluation,HOUSEHOLD_1_007,TX_3,HOUSEHOLD,LOW,0,0.875,14.717,1.679,0.1429,1.48,-1.0,fallback,253,0,14.717,21.78,sales velocity and near-term demand do not indicate slow-selling risk,no markdown: slow-selling risk is low
HOUSEHOLD_1_185_CA_2_evaluation,HOUSEHOLD_1_185,CA_2,HOUSEHOLD,LOW,0,0.875,15.648,2.107,0.2895,2.97,-3.0,historical_association,117,0,15.648,46.47,sales velocity and near-term demand do not indicate slow-selling risk,no markdown: slow-selling risk is low
HOUSEHOLD_1_153_CA_4_evaluation,HOUSEHOLD_1_153,CA_4,HOUSEHOLD,LOW,0,0.875,9.752,0.964,0.2917,1.97,-1.0,fallback,169,0,9.752,19.21,sales velocity and near-term demand do not indicate slow-selling risk,no markdown: slow-selling risk is low
HOUSEHOLD_1_474_WI_3_evaluation,HOUSEHOLD_1_474,WI_3,HOUSEHOLD,LOW,0,0.875,7.255,1.0,0.3333,0.97,-1.0,fallback,278,0,7.255,7.04,sales velocity and near-term demand do not indicate slow-selling risk,no markdown: slow-selling risk is low
HOUSEHOLD_1_067_TX_1_evaluation,HOUSEHOLD_1_067,TX_1,HOUSEHOLD,LOW,0,0.875,12.376,1.429,0.4286,3.97,-2.833,historical_association,278,0,12.376,49.13,sales velocity and near-term demand do not indicate slow-selling risk,no markdown: slow-selling risk is low
HOUSEHOLD_1_183_TX_2_evaluation,HOUSEHOLD_1_183,TX_2,HOUSEHOLD,LOW,0,0.875,13.097,1.464,1.0,4.88,-0.678,historical_association,252,0,13.097,63.91,sales velocity and near-term demand do not indicate slow-selling risk,no markdown: slow-selling risk is low
FOODS_3_525_TX_3_evaluation,FOODS_3_525,TX_3,FOODS,LOW,0,0.8824,24.23,4.25,-0.4022,2.0,-1.0,fallback,125,0,24.23,48.46,"sales are declining, but velocity remains healthy relative to category/store peers",no markdown: slow-selling risk is low
FOODS_3_230_TX_2_evaluation,FOODS_3_230,TX_2,FOODS,LOW,0,0.8824,19.621,3.036,-0.1774,3.78,-1.092,historical_association,278,0,19.621,74.17,sales velocity and near-term demand do not indicate slow-selling risk,no markdown: slow-selling risk is low
FOODS_3_678_WI_1_evaluation,FOODS_3_678,WI_1,FOODS,LOW,0,0.8824,15.916,2.429,-0.1538,4.98,-1.0,fallback,188,0,15.916,79.26,sales velocity and near-term demand do not indicate slow-selling risk,no markdown: slow-selling risk is low
FOODS_3_156_CA_1_evaluation,FOODS_3_156,CA_1,FOODS,LOW,0,0.8824,23.964,3.321,-0.1094,4.18,-3.0,historical_association,278,0,23.964,100.17,sales velocity and near-term demand do not indicate slow-selling risk,no markdown: slow-selling risk is low
FOODS_3_592_CA_2_evaluation,FOODS_3_592,CA_2,FOODS,LOW,0,0.8824,25.888,3.5,-0.0909,7.48,-3.0,historical_association,274,0,25.888,193.64,sales velocity and near-term demand do not indicate slow-selling risk,no markdown: slow-selling risk is low
HOBBIES_1_179_TX_1_evaluation,HOBBIES_1_179,TX_1,HOBBIES,LOW,0,0.8824,6.533,1.0,-0.069,6.87,-1.0,fallback,248,0,6.533,44.88,sales velocity and near-term demand do not indicate slow-selling risk,no markdown: slow-selling risk is low
FOODS_1_058_TX_1_evaluation,FOODS_1_058,TX_1,FOODS,LOW,0,0.8824,44.548,5.0,-0.069,1.96,-2.782,historical_association,231,0,44.548,87.31,sales velocity and near-term demand do not indicate slow-selling risk,no markdown: slow-selling risk is low
FOODS_3_399_WI_3_evaluation,FOODS_3_399,WI_3,FOODS,LOW,0,0.8824,23.477,3.393,-0.0476,3.56,-1.0,fallback,173,0,23.477,83.58,sales velocity and near-term demand do not indicate slow-selling risk,no markdown: slow-selling risk is low
HOBBIES_1_006_WI_3_evaluation,HOBBIES_1_006,WI_3,HOBBIES,LOW,0,0.8824,7.255,1.036,-0.0345,0.96,-1.0,fallback,219,0,7.255,6.96,sales velocity and near-term demand do not indicate slow-selling risk,no markdown: slow-selling risk is low
HOBBIES_1_379_WI_2_evaluation,HOBBIES_1_379,WI_2,HOBBIES,LOW,0,0.8824,7.255,1.107,-0.0333,2.24,-3.0,historical_association,276,0,7.255,16.25,sales velocity and near-term demand do not indicate slow-selling risk,no markdown: slow-selling risk is low
FOODS_3_578_CA_3_evaluation,FOODS_3_578,CA_3,FOODS,LOW,0,0.8824,45.743,5.964,0.0313,3.0,-1.0,fallback,278,0,45.743,137.23,sales velocity and near-term demand do not indicate slow-selling risk,no markdown: slow-selling risk is low
HOBBIES_1_084_TX_3_evaluation,HOBBIES_1_084,TX_3,HOBBIES,LOW,0,0.8824,10.77,1.536,0.0882,3.94,-3.0,historical_association,278,0,10.77,42.43,sales velocity and near-term demand do not indicate slow-selling risk,no markdown: slow-selling risk is low
HOBBIES_1_087_TX_2_evaluation,HOBBIES_1_087,TX_2,HOBBIES,LOW,0,0.8824,16.423,2.214,0.093,11.93,-1.0,fallback,204,0,16.423,195.93,sales velocity and near-term demand do not indicate slow-selling risk,no markdown: slow-selling risk is low
HOBBIES_1_148_CA_4_evaluation,HOBBIES_1_148,CA_4,HOBBIES,LOW,0,0.8824,6.931,0.964,0.1154,4.88,-1.0,fallback,165,0,6.931,33.82,sales velocity and near-term demand do not indicate slow-selling risk,no markdown: slow-selling risk is low
HOBBIES_1_124_WI_1_evaluation,HOBBIES_1_124,WI_1,HOBBIES,LOW,0,0.8824,9.262,1.429,0.125,5.98,-1.0,fallback,174,0,9.262,55.38,sales velocity and near-term demand do not indicate slow-selling risk,no markdown: slow-selling risk is low
FOODS_3_349_WI_2_evaluation,FOODS_3_349,WI_2,FOODS,LOW,0,0.8824,47.117,5.5,0.1412,1.68,-3.0,historical_association,276,0,47.117,79.16,sales velocity and near-term demand do not indicate slow-selling risk,no markdown: slow-selling risk is low
HOBBIES_1_206_CA_1_evaluation,HOBBIES_1_206,CA_1,HOBBIES,LOW,0,0.8824,10.441,1.321,0.1667,2.72,-1.011,historical_association,89,0,10.441,28.4,sales velocity and near-term demand do not indicate slow-selling risk,no markdown: slow-selling risk is low
FOODS_3_151_CA_4_evaluation,FOODS_3_151,CA_4,FOODS,LOW,0,0.8824,20.047,2.607,0.5897,2.5,-3.0,historical_association,278,0,20.047,50.12,sales velocity and near-term demand do not indicate slow-selling risk,no markdown: slow-selling risk is low
HOBBIES_2_042_CA_3_evaluation,HOBBIES_2_042,CA_3,HOBBIES,LOW,0,0.8824,15.294,1.821,0.9259,0.74,-2.009,historical_association,214,0,15.294,11.32,sales velocity and near-term demand do not indicate slow-selling risk,no markdown: slow-selling risk is low
HOUSEHOLD_1_262_WI_2_evaluation,HOUSEHOLD_1_262,WI_2,HOUSEHOLD,LOW,0,0.9375,31.452,4.429,-0.1235,0.97,-1.0,fallback,161,0,31.452,30.51,sales velocity and near-term demand do not indicate slow-selling risk,no markdown: slow-selling risk is low
HOUSEHOLD_2_239_CA_4_evaluation,HOUSEHOLD_2_239,CA_4,HOUSEHOLD,LOW,0,0.9375,9.467,1.429,-0.1111,1.24,-1.0,fallback,278,0,9.467,11.74,sales velocity and near-term demand do not indicate slow-selling risk,no markdown: slow-selling risk is low
HOUSEHOLD_1_067_CA_1_evaluation,HOUSEHOLD_1_067,CA_1,HOUSEHOLD,LOW,0,0.9375,12.389,1.893,-0.0714,3.97,-3.0,historical_association,278,0,12.389,49.18,sales velocity and near-term demand do not indicate slow-selling risk,no markdown: slow-selling risk is low
HOUSEHOLD_2_213_TX_2_evaluation,HOUSEHOLD_2_213,TX_2,HOUSEHOLD,LOW,0,0.9375,20.378,2.821,-0.0545,0.93,-1.0,fallback,137,0,20.378,18.95,sales velocity and near-term demand do not indicate slow-selling risk,no markdown: slow-selling risk is low
HOUSEHOLD_1_413_CA_2_evaluation,HOUSEHOLD_1_413,CA_2,HOUSEHOLD,LOW,0,0.9375,26.217,3.179,-0.0169,17.97,-1.0,fallback,278,0,26.217,471.12,sales velocity and near-term demand do not indicate slow-selling risk,no markdown: slow-selling risk is low
HOUSEHOLD_2_342_TX_3_evaluation,HOUSEHOLD_2_342,TX_3,HOUSEHOLD,LOW,0,0.9375,21.047,2.75,0.0192,0.97,-1.0,fallback,182,0,21.047,20.42,sales velocity and near-term demand do not indicate slow-selling risk,no markdown: slow-selling risk is low
HOUSEHOLD_1_338_CA_3_evaluation,HOUSEHOLD_1_338,CA_3,HOUSEHOLD,LOW,0,0.9375,44.267,5.536,0.1279,3.94,-1.0,fallback,155,0,44.267,174.41,sales velocity and near-term demand do not indicate slow-selling risk,no markdown: slow-selling risk is low
HOUSEHOLD_1_382_TX_1_evaluation,HOUSEHOLD_1_382,TX_1,HOUSEHOLD,LOW,0,0.9375,22.476,3.107,0.2115,2.28,-1.0,fallback,96,0,22.476,51.25,sales velocity and near-term demand do not indicate slow-selling risk,no markdown: slow-selling risk is low
HOUSEHOLD_1_291_WI_1_evaluation,HOUSEHOLD_1_291,WI_1,HOUSEHOLD,LOW,0,0.9375,15.474,1.929,0.2778,3.72,-1.0,fallback,222,0,15.474,57.56,sales velocity and near-term demand do not indicate slow-selling risk,no markdown: slow-selling risk is low
HOUSEHOLD_1_096_WI_3_evaluation,HOUSEHOLD_1_096,WI_3,HOUSEHOLD,LOW,0,0.9375,22.666,2.571,0.5641,3.97,-1.0,fallback,197,0,22.666,89.98,sales velocity and near-term demand do not indicate slow-selling risk,no markdown: slow-selling risk is low
HOBBIES_1_319_TX_1_evaluation,HOBBIES_1_319,TX_1,HOBBIES,LOW,0,0.9412,5.859,1.143,-0.4211,0.96,-0.895,historical_association,278,0,5.859,5.63,"sales are declining, but velocity remains healthy relative to category/store peers",no markdown: slow-selling risk is low
FOODS_2_326_WI_1_evaluation,FOODS_2_326,WI_1,FOODS,LOW,0,0.9412,35.788,5.786,-0.3036,1.0,-1.0,fallback,226,0,35.788,35.79,"sales are declining, but velocity remains healthy relative to category/store peers",no markdown: slow-selling risk is low
FOODS_3_299_CA_2_evaluation,FOODS_3_299,CA_2,FOODS,LOW,0,0.9412,31.973,4.464,-0.2809,1.5,-1.0,fallback,171,0,31.973,47.96,"sales are declining, but velocity remains healthy relative to category/store peers",no markdown: slow-selling risk is low
FOODS_3_348_WI_3_evaluation,FOODS_3_348,WI_3,FOODS,LOW,0,0.9412,47.271,6.964,-0.2302,0.8,-3.0,historical_association,278,0,47.271,37.82,"sales are declining, but velocity remains healthy relative to category/store peers",no markdown: slow-selling risk is low
FOODS_3_491_TX_3_evaluation,FOODS_3_491,TX_3,FOODS,LOW,0,0.9412,56.09,6.464,-0.1983,1.5,-1.0,fallback,278,0,56.09,84.13,sales velocity and near-term demand do not indicate slow-selling risk,no markdown: slow-selling risk is low
FOODS_3_654_CA_3_evaluation,FOODS_3_654,CA_3,FOODS,LOW,0,0.9412,41.211,6.071,-0.1835,1.68,-1.0,fallback,226,0,41.211,69.23,sales velocity and near-term demand do not indicate slow-selling risk,no markdown: slow-selling risk is low
HOBBIES_1_256_CA_3_evaluation,HOBBIES_1_256,CA_3,HOBBIES,LOW,0,0.9412,21.462,2.893,-0.1833,0.48,-1.0,fallback,278,0,21.462,10.3,sales velocity and near-term demand do not indicate slow-selling risk,no markdown: slow-selling risk is low
HOBBIES_1_337_TX_3_evaluation,HOBBIES_1_337,TX_3,HOBBIES,LOW,0,0.9412,13.015,2.036,-0.1522,3.83,-1.0,fallback,278,0,13.015,49.85,sales velocity and near-term demand do not indicate slow-selling risk,no markdown: slow-selling risk is low
HOBBIES_1_043_WI_2_evaluation,HOBBIES_1_043,WI_2,HOBBIES,LOW,0,0.9412,11.503,1.643,-0.15,0.7,-3.0,historical_association,278,0,11.503,8.05,sales velocity and near-term demand do not indicate slow-selling risk,no markdown: slow-selling risk is low
HOBBIES_1_286_CA_4_evaluation,HOBBIES_1_286,CA_4,HOBBIES,LOW,0,0.9412,18.743,2.5,-0.0784,0.7,-3.0,historical_association,272,0,18.743,13.12,sales velocity and near-term demand do not indicate slow-selling risk,no markdown: slow-selling risk is low
HOBBIES_1_158_CA_1_evaluation,HOBBIES_1_158,CA_1,HOBBIES,LOW,0,0.9412,24.204,3.393,-0.0781,22.98,-1.0,fallback,139,0,24.204,556.2,sales velocity and near-term demand do not indicate slow-selling risk,no markdown: slow-selling risk is low
HOBBIES_1_056_WI_3_evaluation,HOBBIES_1_056,WI_3,HOBBIES,LOW,0,0.9412,12.243,1.643,-0.0526,0.94,-1.0,fallback,169,0,12.243,11.51,sales velocity and near-term demand do not indicate slow-selling risk,no markdown: slow-selling risk is low
HOBBIES_1_037_TX_2_evaluation,HOBBIES_1_037,TX_2,HOBBIES,LOW,0,0.9412,20.673,2.643,0.0,12.44,-1.0,fallback,220,0,20.673,257.17,sales velocity and near-term demand do not indicate slow-selling risk,no markdown: slow-selling risk is low
FOODS_2_349_WI_2_evaluation,FOODS_2_349,WI_2,FOODS,LOW,0,0.9412,60.428,10.071,0.0261,5.98,-1.0,fallback,213,0,60.428,361.36,sales velocity and near-term demand do not indicate slow-selling risk,no markdown: slow-selling risk is low
HOBBIES_1_169_CA_2_evaluation,HOBBIES_1_169,CA_2,HOBBIES,LOW,0,0.9412,34.719,3.607,0.0476,0.57,-3.0,historical_association,278,0,34.719,19.79,sales velocity and near-term demand do not indicate slow-selling risk,no markdown: slow-selling risk is low
HOBBIES_1_387_WI_1_evaluation,HOBBIES_1_387,WI_1,HOBBIES,LOW,0,0.9412,17.06,2.0,0.0488,1.08,-1.0,fallback,153,0,17.06,18.42,sales velocity and near-term demand do not indicate slow-selling risk,no markdown: slow-selling risk is low
FOODS_3_124_CA_1_evaluation,FOODS_3_124,CA_1,FOODS,LOW,0,0.9412,60.212,7.286,0.0531,5.44,-3.0,historical_association,278,0,60.212,327.55,sales velocity and near-term demand do not indicate slow-selling risk,no markdown: slow-selling risk is low
FOODS_3_692_CA_4_evaluation,FOODS_3_692,CA_4,FOODS,LOW,0,0.9412,23.29,3.036,0.1731,0.8,-3.0,historical_association,278,0,23.29,18.63,sales velocity and near-term demand do not indicate slow-selling risk,no markdown: slow-selling risk is low
FOODS_1_004_TX_1_evaluation,FOODS_1_004,TX_1,FOODS,LOW,0,0.9412,67.471,9.25,0.2422,1.96,-3.0,historical_association,221,0,67.471,132.24,sales velocity and near-term demand do not indicate slow-selling risk,no markdown: slow-selling risk is low
FOODS_3_570_TX_2_evaluation,FOODS_3_570,TX_2,FOODS,LOW,0,0.9412,55.366,6.286,0.3182,1.78,-0.388,historical_association,237,0,55.366,98.55,sales velocity and near-term demand do not indicate slow-selling risk,no markdown: slow-selling risk is low
HOBBIES_1_048_WI_1_evaluation,HOBBIES_1_048,WI_1,HOBBIES,LOW,0,1.0,66.561,10.857,-0.3061,0.48,-3.0,historical_association,254,0,66.561,31.95,"sales are declining, but velocity remains healthy relative to category/store peers",no markdown: slow-selling risk is low
HOBBIES_1_234_TX_1_evaluation,HOBBIES_1_234,TX_1,HOBBIES,LOW,0,1.0,35.951,4.821,-0.2283,0.3,-1.0,fallback,241,0,35.951,10.79,"sales are declining, but velocity remains healthy relative to category/store peers",no markdown: slow-selling risk is low
HOBBIES_1_048_CA_1_evaluation,HOBBIES_1_048,CA_1,HOBBIES,LOW,0,1.0,127.247,15.964,-0.187,0.48,-3.0,historical_association,261,0,127.247,61.08,sales velocity and near-term demand do not indicate slow-selling risk,no markdown: slow-selling risk is low
HOUSEHOLD_1_459_WI_2_evaluation,HOUSEHOLD_1_459,WI_2,HOUSEHOLD,LOW,0,1.0,187.239,29.0,-0.1779,0.97,-1.0,fallback,209,0,187.239,181.62,sales velocity and near-term demand do not indicate slow-selling risk,no markdown: slow-selling risk is low
HOUSEHOLD_1_191_CA_2_evaluation,HOUSEHOLD_1_191,CA_2,HOUSEHOLD,LOW,0,1.0,66.841,11.214,-0.1613,2.96,-3.0,historical_association,278,0,66.841,197.85,sales velocity and near-term demand do not indicate slow-selling risk,no markdown: slow-selling risk is low
HOUSEHOLD_1_418_CA_1_evaluation,HOUSEHOLD_1_418,CA_1,HOUSEHOLD,LOW,0,1.0,83.617,13.286,-0.1395,0.97,-1.0,fallback,209,0,83.617,81.11,sales velocity and near-term demand do not indicate slow-selling risk,no markdown: slow-selling risk is low
FOODS_3_090_CA_1_evaluation,FOODS_3_090,CA_1,FOODS,LOW,0,1.0,448.126,58.214,-0.1159,1.6,-1.0,fallback,278,0,448.126,717.0,sales velocity and near-term demand do not indicate slow-selling risk,no markdown: slow-selling risk is low
HOBBIES_1_354_TX_3_evaluation,HOBBIES_1_354,TX_3,HOBBIES,LOW,0,1.0,201.808,26.179,-0.1117,22.98,-3.0,historical_association,114,0,201.808,4637.55,sales velocity and near-term demand do not indicate slow-selling risk,no markdown: slow-selling risk is low
HOBBIES_1_234_CA_3_evaluation,HOBBIES_1_234,CA_3,HOBBIES,LOW,0,1.0,127.974,18.321,-0.0951,0.3,-1.0,fallback,241,0,127.974,38.39,sales velocity and near-term demand do not indicate slow-selling risk,no markdown: slow-selling risk is low
FOODS_3_090_CA_2_evaluation,FOODS_3_090,CA_2,FOODS,LOW,0,1.0,419.943,52.679,-0.0878,1.6,-1.0,fallback,278,0,419.943,671.91,sales velocity and near-term demand do not indicate slow-selling risk,no markdown: slow-selling risk is low
HOUSEHOLD_1_110_WI_3_evaluation,HOUSEHOLD_1_110,WI_3,HOUSEHOLD,LOW,0,1.0,90.445,12.536,-0.0761,3.97,-1.0,fallback,197,0,90.445,359.06,sales velocity and near-term demand do not indicate slow-selling risk,no markdown: slow-selling risk is low
HOBBIES_1_048_CA_4_evaluation,HOBBIES_1_048,CA_4,HOBBIES,LOW,0,1.0,59.357,9.214,-0.0676,0.48,-3.0,historical_association,258,0,59.357,28.49,sales velocity and near-term demand do not indicate slow-selling risk,no markdown: slow-selling risk is low
HOUSEHOLD_1_465_CA_3_evaluation,HOUSEHOLD_1_465,CA_3,HOUSEHOLD,LOW,0,1.0,140.318,20.071,-0.0592,0.97,-1.0,fallback,209,0,140.318,136.11,sales velocity and near-term demand do not indicate slow-selling risk,no markdown: slow-selling risk is low
FOODS_3_090_TX_3_evaluation,FOODS_3_090,TX_3,FOODS,LOW,0,1.0,533.61,66.75,-0.0564,1.5,-1.0,fallback,278,0,533.61,800.41,sales velocity and near-term demand do not indicate slow-selling risk,no markdown: slow-selling risk is low
HOBBIES_1_048_WI_3_evaluation,HOBBIES_1_048,WI_3,HOBBIES,LOW,0,1.0,51.125,6.643,-0.0545,0.48,-3.0,historical_association,277,0,51.125,24.54,sales velocity and near-term demand do not indicate slow-selling risk,no markdown: slow-selling risk is low
HOUSEHOLD_1_110_CA_4_evaluation,HOUSEHOLD_1_110,CA_4,HOUSEHOLD,LOW,0,1.0,47.463,5.5,-0.043,3.97,-1.0,fallback,171,0,47.463,188.43,sales velocity and near-term demand do not indicate slow-selling risk,no markdown: slow-selling risk is low
HOUSEHOLD_1_110_TX_3_evaluation,HOUSEHOLD_1_110,TX_3,HOUSEHOLD,LOW,0,1.0,203.167,24.536,-0.0411,3.97,-1.0,fallback,197,0,203.167,806.57,sales velocity and near-term demand do not indicate slow-selling risk,no markdown: slow-selling risk is low
FOODS_3_090_CA_3_evaluation,FOODS_3_090,CA_3,FOODS,LOW,0,1.0,930.015,121.0,-0.0209,1.6,-1.0,fallback,278,0,930.015,1488.02,sales velocity and near-term demand do not indicate slow-selling risk,no markdown: slow-selling risk is low
FOODS_3_586_TX_2_evaluation,FOODS_3_586,TX_2,FOODS,LOW,0,1.0,658.05,80.107,-0.0026,1.68,-1.361,historical_association,278,0,658.05,1105.52,sales velocity and near-term demand do not indicate slow-selling risk,no markdown: slow-selling risk is low
FOODS_3_090_WI_3_evaluation,FOODS_3_090,WI_3,FOODS,LOW,0,1.0,640.946,72.964,0.0304,1.44,-1.0,fallback,278,0,640.946,922.96,sales velocity and near-term demand do not indicate slow-selling risk,no markdown: slow-selling risk is low
HOUSEHOLD_1_399_WI_1_evaluation,HOUSEHOLD_1_399,WI_1,HOUSEHOLD,LOW,0,1.0,78.619,10.321,0.0321,0.97,-1.0,fallback,252,0,78.619,76.26,sales velocity and near-term demand do not indicate slow-selling risk,no markdown: slow-selling risk is low
HOBBIES_1_354_TX_2_evaluation,HOBBIES_1_354,TX_2,HOBBIES,LOW,0,1.0,73.218,10.036,0.0329,22.98,-3.0,historical_association,125,0,73.218,1682.54,sales velocity and near-term demand do not indicate slow-selling risk,no markdown: slow-selling risk is low
FOODS_3_586_TX_1_evaluation,FOODS_3_586,TX_1,FOODS,LOW,0,1.0,403.108,55.179,0.0455,1.68,-2.014,historical_association,278,0,403.108,677.22,sales velocity and near-term demand do not indicate slow-selling risk,no markdown: slow-selling risk is low
FOODS_3_090_CA_4_evaluation,FOODS_3_090,CA_4,FOODS,LOW,0,1.0,151.957,23.964,0.0866,1.6,-1.0,fallback,278,0,151.957,243.13,sales velocity and near-term demand do not indicate slow-selling risk,no markdown: slow-selling risk is low
FOODS_2_360_WI_2_evaluation,FOODS_2_360,WI_2,FOODS,LOW,0,1.0,346.821,58.107,0.0976,0.94,-1.0,fallback,271,0,346.821,326.01,sales velocity and near-term demand do not indicate slow-selling risk,no markdown: slow-selling risk is low
HOBBIES_1_254_CA_2_evaluation,HOBBIES_1_254,CA_2,HOBBIES,LOW,0,1.0,71.567,8.964,0.0977,0.7,-2.838,historical_association,278,0,71.567,50.1,sales velocity and near-term demand do not indicate slow-selling risk,no markdown: slow-selling risk is low
FOODS_3_226_WI_1_evaluation,FOODS_3_226,WI_1,FOODS,LOW,0,1.0,303.1,34.5,0.1239,1.68,-1.0,fallback,278,0,303.1,509.21,sales velocity and near-term demand do not indicate slow-selling risk,no markdown: slow-selling risk is low
HOBBIES_1_268_WI_2_evaluation,HOBBIES_1_268,WI_2,HOBBIES,LOW,0,1.0,49.63,5.536,0.2593,0.48,-3.0,historical_association,278,0,49.63,23.82,sales velocity and near-term demand do not indicate slow-selling risk,no markdown: slow-selling risk is low
HOUSEHOLD_2_440_TX_1_evaluation,HOUSEHOLD_2_440,TX_1,HOUSEHOLD,LOW,0,1.0,171.904,20.964,0.2778,0.97,-1.0,fallback,278,0,171.904,166.75,sales velocity and near-term demand do not indicate slow-selling risk,no markdown: slow-selling risk is low
HOUSEHOLD_1_334_TX_2_evaluation,HOUSEHOLD_1_334,TX_2,HOUSEHOLD,LOW,0,1.0,170.992,17.25,0.445,0.96,-1.0,fallback,209,0,170.992,164.15,sales velocity and near-term demand do not indicate slow-selling risk,no markdown: slow-selling risk is low
